Location,Usual name,protein name,Sequence change,Alteration,N base(s),Base substituted,Classification,Status,Using In silico prediction?,Fonctional test,Functional approach?,Consequence,Techniques used,Disease related symptoms,Associated phenotype,Zygosity in this patient,Inheritance in this patient,Ancestry/origin,Comment,Input date,References,Other PMID,Label,Region_Type,Base_Change
5UT ,chr16:g.3242027_3256633del,p.(Met1_Ter782del),c.-46_*1114del,deletion,14607,ALL GENE,Likely pathogenic,,YES,NO,,,,Symptomatic ,PAAD-FMF (with criteria) ,Heterozygous,Inherited from an asymptomatic parent,Turkey/Mediterranean,With M694V,2026-06-15,Publication (PubMed PMID): 17052063,,Pathogenic,UTR,
Exon 1,L9L,p.(Leu9=),c.25C>T,substitution,1,C>T,Likely benign,VALIDATED,UNKNOWN,NO,,,Sequencing Sanger ,Symptomatic ,UNKNOWN,Unknown,Unknown,Turkey/,"codon bias:  mefv cDNA has 52 CTG, 10 CTC, 4 CTT, 4 CTA, 0 TTA and only one TTG codon.  For all human genes TTG is one third the frequency of CTG. tRNA abundance? mRNA stability impaired?",2005-12-29,Haverkamp  T  Paralyova  L   Personal communication,,Benign,Exon,C>T
Exon 1,T12I,p.(Thr12Ile),c.35C>T,substitution,1,C>T,Likely benign,VALIDATED,UNKNOWN,NO,,,Sequencing Sanger ,Symptomatic ,PAAD-FMF (with criteria) ,Unknown,Unknown,Turkey/,,2013-05-06,Van Gijn M   Personal communication,,Benign,Exon,C>T
Exon 1,Y19C,p.(Tyr19Cys),c.56A>G,substitution,1,A>G,Likely benign,VALIDATED,UNKNOWN,NO,,,Sequencing Sanger ,Symptomatic ,PAAD-FMF (with criteria) ,Unknown,Unknown,Netherlands/,,2013-05-06,Van Gijn M   Personal communication,,Benign,Exon,A>G
Exon 1,K35R,p.(Lys35Arg),c.104A>G,substitution,1,A>G,Likely benign,VALIDATED,UNKNOWN,NO,,,Sequencing NGS ,Unknown,Undefined-AID ,Unknown,Unknown,/,,2019-05-13,Frappaz  D  Rittore  C  Imbert-Bouteille  M  Sarrabay  G  Touitou  I   Personal communication,,Benign,Exon,A>G
Exon 1,R42W,p.(Arg42Trp),c.124C>T,substitution,1,C>T,Likely benign,VALIDATED,UNKNOWN,NO,,,Sequencing Sanger ,Symptomatic ,UNKNOWN,Unknown,Unknown,Armenia/,,2001-12-11,Torosyan  L   Personal communication,,Benign,Exon,C>T
Exon 1,L57L,p.(Leu57=),c.171G>A,substitution,1,G>A,Likely benign,VALIDATED,UNKNOWN,UNKNOWN,,,Sequencing Sanger ,Symptomatic ,FMF atypical ,Unknown,Unknown,Turkey/,This variant was identified in 6/10 controls.,2014-03-11,Akkaya-Ulum  ZY   Personal communication,,Benign,Exon,G>A
Exon 1,Y65Y,p.(Tyr65=),c.195C>T,substitution,1,C>T,Likely benign,VALIDATED,UNKNOWN,NO,,,Sequencing Sanger ,Non symptomatic ,UNKNOWN,Unknown,Unknown,/,,2001-12-11,Publication (PubMed PMID): 9668175,,Benign,Exon,C>T
Exon 1,R75Q,p.(Arg75Gln),c.224G>A,substitution,1,G>A,Likely benign,VALIDATED,YES,NO,,,Sequencing Sanger Sequencing NGS ,Symptomatic ,UNKNOWN,Unknown,Unknown,Italy/Caucasian,,2019-07-16,Grossi A  Ceccherini I   Personal communication,,Benign,Exon,G>A
Exon 1,E84K,p.(Glu84Lys),c.250G>A,substitution,1,G>A,Likely benign,VALIDATED,UNKNOWN,NO,,,Sequencing Sanger ,Symptomatic ,PAAD-FMF (with criteria) ,Unknown,Unknown,Japan/Asian,,2010-04-23,Publication (PubMed PMID): 18328141,,Benign,Exon,G>A
Exon 1,H87R,p.His87Arg,c.260A>G,substitution,1,A>G,Likely benign,VALIDATED,YES,NO,,,Sequencing Sanger ,Symptomatic ,PAAD-FMF (with criteria) ,Heterozygous,Inherited from an asymptomatic parent,Turkey/Mediterranean,"Have  P588P polymorphism also, recurrence fever ",2021-06-04,Berdeli A  Tigli D  Arya M  Bagtali N  Kirnaz B Gezgin Y.   Personal communication,,Benign,Exon,A>G
Exon 1,A89T,p.(Ala89Thr),c.265G>A,substitution,1,G>A,Likely benign,VALIDATED,UNKNOWN,YES,Unknown  ,Unknown  ,DGGE Sequencing Sanger ,Symptomatic ,PAAD-FMF (with criteria) ,Unknown,Unknown,Armenia/,,2004-09-01,Publication (PubMed PMID): 14985395,,Benign,Exon,G>A
Exon 2,Q97X,p.(Gln97*),c.289C>T,substitution,1,C>T,Likely pathogenic,VALIDATED,UNKNOWN,NO,,,Sequencing Sanger ,Symptomatic ,PAAD-FMF (with criteria) ,Unknown,Unknown,Turkey/,,2013-05-06,Van Gijn M   Personal communication,,Pathogenic,Exon,C>T
Exon 2,N99N,p.(Asn99=),c.297C>T,substitution,1,C>T,Likely benign,VALIDATED,UNKNOWN,NO,,No effect  ,Sequencing Sanger ,Non symptomatic ,NO,Unknown,Unknown,Spain/Caucasian,,2007-03-15,Arostegui JI  Yague J   Personal communication,,Benign,Exon,C>T
Exon 2,D102D,p.(Asp102=),c.306T>C,substitution,1,T>C,Benign,VALIDATED,UNKNOWN,NO,,,DGGE Sequencing Sanger ,Non symptomatic ,NO,Unknown,Unknown,Armenia/, ,2001-12-24,Publication (PubMed PMID): 10364520,,Benign,Exon,T>C
Exon 2,D103D,p.(Asp103=),c.309T>C,substitution,1,T>C,Likely benign,VALIDATED,UNKNOWN,NO,,,Sequencing Sanger ,Non symptomatic ,UNKNOWN,Unknown,Unknown,France/Jewish Non Ashkenasi,,2001-12-11,Publication (PubMed PMID): 9288758,,Benign,Exon,T>C
Exon 2,S104C,p.(Ser104Cys),c.311C>G,substitution,1,C>G,Likely benign,VALIDATED,UNKNOWN,NO,,,Sequencing NGS ,Symptomatic ,Undefined-AID ,Unknown,Unknown,/,  ,2021-01-11,Publication (PubMed PMID): 32199921,,Benign,Exon,C>G
Exon 2,A105E,p.(Ala105Glu),c.314C>A,substitution,1,C>A,Likely benign,VALIDATED,UNKNOWN,NO,,,Sequencing Sanger ,Symptomatic ,PAAD-FMF (with criteria) ,Unknown,Unknown,Turkey/Caucasian,,2013-06-28,Publication (PubMed PMID): 24469716,,Benign,Exon,C>A
Exon 2,L110P,p.(Leu110Pro),c.329T>C,substitution,1,T>C,Likely benign,VALIDATED,UNKNOWN,NO,,,RFLP Sequencing Sanger ,Symptomatic ,UNKNOWN,Unknown,Unknown,Spain/,,2001-12-11,Publication (PubMed PMID): 10854105,,Benign,Exon,T>C
Exon 2,L110L,p.(Leu110=),c.330G>A,substitution,1,G>A,Likely benign,VALIDATED,UNKNOWN,NO,,,Sequencing Sanger ,Non symptomatic ,NO,Unknown,Unknown,Lebanon/Arab,,2007-05-17,Corbani  S  Salem  N  Chouery  E  Mégarbané  A   Personal communication,,Benign,Exon,G>A
Exon 2,G111R,p.(Gly111Arg),c.331G>A,substitution,1,G>A,Likely benign,VALIDATED,UNKNOWN,NO,,,Sequencing Sanger ,Symptomatic Non symptomatic ,Crohn's disease ,Unknown,Unknown,Belgium/Caucasian,,2012-10-01,Publication (PubMed PMID): 19784369,,Benign,Exon,G>A
Exon 2,G111G,p.(Gly111=),c.333G>A,substitution,1,G>A,Likely benign,VALIDATED,UNKNOWN,NO,,,Sequencing Sanger ,Symptomatic ,PAAD-FMF (with criteria) ,Unknown,Unknown,Morocco/Arab,,2007-02-07,Vare D  Dumont B Touitou I   Personal communication,,Benign,Exon,G>A
Exon 2,P115T,p.(Pro115Thr),c.343C>A,substitution,1,C>A,Likely benign,VALIDATED,UNKNOWN,NO,,,Sequencing Sanger ,Symptomatic ,PAAD-FMF (with criteria) ,Unknown,Unknown,Turkey/Caucasian,,2014-01-20,Serdar Oztuzcu  Mustafa Ulasli  Yusuf Ziya Igci  Sercan Ergun  Ahmet Arslan   Personal communication,,Benign,Exon,C>A
Exon 2,H123Q,p.(His123Gln),c.369C>A,substitution,1,C>A,Likely benign,VALIDATED,UNKNOWN,NO,,,Sequencing Sanger ,Symptomatic ,PAAD-FMF (with criteria) ,Unknown,Unknown,Turkey/Caucasian,,2014-11-27,Coskun  Salih  Ece  Aydin  Cim  Abdullah  Uluca  Unal   Personal communication,,Benign,Exon,C>A
Exon 2,P124P,p.(Pro124=),c.372C>T,substitution,1,C>T,Likely benign,VALIDATED,UNKNOWN,NO,,,RFLP Sequencing Sanger ,Non symptomatic ,UNKNOWN,Unknown,Unknown,Italy/,,2001-12-11,Publication (PubMed PMID): 10980540,,Benign,Exon,C>T
Exon 2,E125E,p.(Glu125=),c.375G>A,substitution,1,G>A,Likely benign,VALIDATED,UNKNOWN,NO,,,RFLP Sequencing Sanger ,Unknown,Recurrent Fever ,Unknown,Unknown,/Caucasian,,2005-10-06,Rittore-Domingo  C. Touitou  I.   Personal communication,,Benign,Exon,G>A
Exon 2,E128_N130del,p.(Glu128_Asn130del),c.382_390del,deletion,9,GAGGGGAAC,Likely pathogenic,PROVISIONAL,UNKNOWN,NO,,,Sequencing Sanger ,Symptomatic ,UNKNOWN,Unknown,Unknown,Lebanon/,,2016-01-21,CORBANI S  SALEM N  GHOSN R  CHOUERY E   Personal communication,,Pathogenic,Exon,
Exon 2,390_391insGAGGGGAAC,p.(Glu128_Asn130dup),c.383_391dup,duplication,9,AGGGGAACG,Likely pathogenic,PROVISIONAL,UNKNOWN,NO,,,Sequencing Sanger ,Symptomatic ,Recurrent Arthritis Recurrent Fever Headache and diarrhea,Unknown,Unknown,Italy/,The sequence and/or protein name of this variant has been edited as compared to that submitted (usual name) to comply with the current nomenclature,2004-02-05,"Pomponi MG  Marino GME  Pietrobono R.  Terracciano A.  Tabolacci E.  La Regina M.  Nucera G.  Manna R.  Gasbarrini G.  Neri G.   Congress abstract:European Society of Human Genetics, Munich June 12-15 2004",,Pathogenic,Exon,
Exon 2,N130N,p.(Asn130=),c.390C>T,substitution,1,C>T,Likely benign,VALIDATED,UNKNOWN,NO,,,Sequencing Sanger ,Non symptomatic ,NO,Unknown,Unknown,Turkey/,,2014-09-24,Fischbach M  Sibilia J  Mechin D  Sarrabay G  Touitou I   Personal communication,,Benign,Exon,C>T
Exon 2,G136E,p.(Gly136Glu),c.407G>A,substitution,1,G>A,Likely benign,VALIDATED,UNKNOWN,NO,,,Sequencing NGS ,Symptomatic ,Undefined-AID ,Unknown,Unknown,United kingdom/England/Italy,,2019-11-08,Touitou I   Personal communication,,Benign,Exon,G>A
Exon 2,G136G,p.(Gly136=),c.408G>A,substitution,1,G>A,Likely benign,VALIDATED,UNKNOWN,NO,,,Sequencing Sanger ,Symptomatic Non symptomatic ,Crohn's disease ,Unknown,Unknown,Belgium/Caucasian,,2012-10-01,Publication (PubMed PMID): 19784369,,Benign,Exon,G>A
Exon 2,G138G,p.(Gly138=),c.414A>G,substitution,1,A>G,Benign,VALIDATED,UNKNOWN,NO,,,Sequencing Sanger ,Non symptomatic ,UNKNOWN,Unknown,Unknown,/,,2001-12-11,Publication (PubMed PMID): 9288758,,Benign,Exon,A>G
Exon 2,S145G,p.(Ser145Gly),c.433A>G,substitution,1,A>G,Likely benign,VALIDATED,UNKNOWN,UNKNOWN,,,Sequencing Sanger ,Symptomatic ,PAAD-FMF (with criteria) ,Unknown,Unknown,Turkey/Mediterranean,,2020-07-22,Arpac? Abdullah   Personal communication,33738724,Benign,Exon,A>G
Exon 2,G150G,p.(Gly150=),c.450G>A,substitution,1,G>A,Likely benign,VALIDATED,UNKNOWN,NO,,,Sequencing Sanger ,Symptomatic ,UNKNOWN,Unknown,Unknown,Turkey/Caucasian,,2011-06-07,Ramazan Gunesacar   Personal communication,,Benign,Exon,G>A
Exon 2,R151S,p.(Arg151Ser),c.453G>C,substitution,1,G>C,Likely benign,VALIDATED,UNKNOWN,NO,,,Sequencing Sanger ,Symptomatic ,PAAD-FMF (with criteria) ,Unknown,Unknown,Turkey/Kurdish,,2008-01-14,Berdeli A Tigli D Ozdemir N   Personal communication,,Benign,Exon,G>C
Exon 2,S154P,p.(Ser154Pro),c.460T>C,substitution,1,T>C,Likely benign,VALIDATED,UNKNOWN,UNKNOWN,,,Sequencing Sanger ,Symptomatic ,PAAD-FMF (with criteria) ,Unknown,Unknown,Turkey/Caucasian,,2013-02-28,Berdeli A  Tigili D Atan M Demirel I   Personal communication,31377798/27872624,Benign,Exon,T>C
Exon 2,E163D,p.(Glu163Asp),c.489G>T,substitution,1,G>T,Likely benign,VALIDATED,UNKNOWN,UNKNOWN,,,Sequencing Sanger ,Symptomatic ,"FMF atypical Febrile attact (38C) in a 4 year old male,lasting 48 hours since 4 months of age in every 2-3 months. No abdominal pain, no chest pain.Febrile attacks usually accompany with sore throat,rarely with diarrhea.",Unknown,Unknown,Turkey/Caucasian,,2011-08-25,Erken E  Dinkci S  Ero&#287 lu A   Personal communication,,Benign,Exon,G>T
Exon 2,A165A,p.(Ala165=),c.495C>A,substitution,1,C>A,Benign,VALIDATED,UNKNOWN,NO,,,Sequencing Sanger ,Non symptomatic ,UNKNOWN,Unknown,Unknown,/,,2001-12-11,Publication (PubMed PMID): 9288758,,Benign,Exon,C>A
Exon 2,S166S,p.(Ser166=),c.498G>C,substitution,1,G>C,Likely benign,VALIDATED,UNKNOWN,NO,,,Sequencing Sanger ,Symptomatic ,Ulcerative Colitis ,Unknown,Unknown,Scotland/Caucasian,,2012-10-02,Publication (PubMed PMID): 19784369,,Benign,Exon,G>C
Exon 2,L169V,p.(Leu169Val),c.505C>G,substitution,1,C>G,Likely benign,VALIDATED,UNKNOWN,NO,,,Sequencing Sanger ,Symptomatic ,Ulcerative Colitis ,Unknown,Unknown,Scotland/Caucasian,,2012-10-02,Publication (PubMed PMID): 19784369,,Benign,Exon,C>G
Exon 2,P175H,p.(Pro175His),c.524C>A,substitution,1,C>A,Likely benign,VALIDATED,UNKNOWN,UNKNOWN,,,Sequencing Sanger ,Unknown,UNKNOWN,Unknown,Unknown,Spain/,  ,2004-11-10,Arostegui JI  Garcia-Consuegra J  Franco W  Yague J   Personal communication,,Benign,Exon,C>A
Exon 2,P180P,p.(Pro180=),c.540G>C,substitution,1,G>C,Likely benign,VALIDATED,UNKNOWN,NO,,,Sequencing Sanger ,Non symptomatic ,NO,Unknown,Unknown,Turkey/,"Observed in two instances (one patient homozygous M694V, one compound heterozygous M694V/V726A). Could therefore be located on the allele carrying the M694V mutation",2005-08-29,Lohse P  Fuchs A   Personal communication,,Benign,Exon,G>C
Exon 2,P183P,p.(Pro183=),c.549G>A,substitution,1,G>A,Likely benign,VALIDATED,UNKNOWN,NO,,,"  GenomeLabSNPstreamGenotypingSystem(BeckmanCoulter,CA,USA) or thefluorescencepolarizationtemplate-directeddye-terminator(FP-TDI)system(PerkinElmer,MA,USA)",Symptomatic ,Ulcerative Colitis ,Unknown,Unknown,Scotland/,,2012-09-20,Publication (PubMed PMID): 19784369,,Benign,Exon,G>A
Exon 2,A193V,p.(Ala193Val),c.578C>T,substitution,1,C>T,Likely benign,VALIDATED,UNKNOWN,NO,,,Sequencing Sanger ,Symptomatic Non symptomatic ,Ulcerative Colitis ,Unknown,Unknown,Belgium/Caucasian,,2012-10-02,Publication (PubMed PMID): 19784369,,Benign,Exon,C>T
Exon 2,L194P,p.(Leu194Pro),c.581T>C,substitution,1,T>C,Likely benign,VALIDATED,UNKNOWN,UNKNOWN,,,Sequencing Sanger ,Symptomatic ,"FMF atypical A 47 year old Turkish male, Who was operated for left renal cell carcinoma(total nephrectomy) at age 42. His febrile abdominal attacks started at age 43. Attacks repeated once a year or every other year, lasting 1 to 3 days. His last attack occured a week before his admittance with presenting symptoms of fever and abdominal pain a which lasted for 3 days. He has E148Q MEFV mutation accompanying with this novel L194P T>C mutation as well.",Unknown,Unknown,Turkey/Caucasian,,2012-02-24,Erken E  Dinkçi S  Eroglu A   Personal communication,,Benign,Exon,T>C
Exon 2,E195E,p.(Glu195=),c.585G>A,substitution,1,G>A,Likely benign,VALIDATED,UNKNOWN,NO,,,Sequencing Sanger ,Symptomatic ,PAAD-FMF (with criteria) ,Unknown,Unknown,"Iran, islamic republic of/",,2013-05-06,Van Gijn M   Personal communication,,Benign,Exon,G>A
Exon 2,G196W,p.(Gly196Trp),c.586G>T,substitution,1,G>T,Benign,VALIDATED,UNKNOWN,NO,,,RFLP Sequencing Sanger ,Symptomatic ,FMF atypical ,Unknown,Unknown,Niger/,,2007-06-12,Taillefer L  Dumont B  Touitou  I   Personal communication,,Benign,Exon,G>T
Exon 2,R202Q,p.(Arg202Gln),c.605G>A,substitution,1,G>A,Likely benign,VALIDATED,UNKNOWN,NO,,,RFLP Sequencing Sanger ,Symptomatic ,UNKNOWN,Unknown,Unknown,France/Jewish Non Ashkenasi,Frequent polymorphism (allele G in linkage disequilibrium with M694V),2001-12-11,Publication (PubMed PMID): 9288758,,Benign,Exon,G>A
Exon 2,606_621dup,p.(Ser208Alafs*39),c.606_621dup,duplication,16,GCTGCGCAGAAACGCC,Likely pathogenic,PROVISIONAL,UNKNOWN,NO,,,ARMS Sequencing Sanger PCR product sizing ,Symptomatic ,PAAD-FMF (with criteria) ,Unknown,Unknown,Israel/Arab,,2007-06-20,Lerer  I  Quint  A  Ben-Chetrit  E   Personal communication,,Pathogenic,Exon,
Exon 2,S208C,p.(Ser208Cys),c.622A>T,substitution,1,A>T,Likely pathogenic,VALIDATED,UNKNOWN,UNKNOWN,,,Sequencing Sanger ,Symptomatic ,Recurrent Fever ,Unknown,Unknown,Pakistan/Asian,,2012-07-03,Rowczenio DM  Lachmann HJ  Hawkins PN    Personal communication,31882397/30355575,Pathogenic,Exon,A>T
Exon 2,S208T,p.(Ser208Thr),c.623G>C,substitution,1,G>C,Likely pathogenic,VALIDATED,YES,YES,Culture studies  Cell free system  ,Altered regulation  ,Sequencing Sanger Sequencing NGS ,Symptomatic ,Undefined-AID ,Unknown,Unknown,Pakistan/,,2019-03-15,Publication (PubMed PMID): 30355575,,Pathogenic,Exon,G>C
Exon 2,S209S,p.(Ser209=),c.627C>T,substitution,1,C>T,Likely benign,VALIDATED,UNKNOWN,NO,,,Sequencing Sanger ,Symptomatic ,Recurrent pericarditis,Unknown,Unknown,Italy/Caucasian,,2010-09-29,Lucherini OM  Cantarini L  Baldari CT  Laghi Pasini F  Brizi MG  Galeazzi M   Personal communication,,Benign,Exon,C>T
Exon 2,G211G,p.(Gly211=),c.633G>A,substitution,1,G>A,Likely benign,VALIDATED,UNKNOWN,UNKNOWN,,,Sequencing Sanger ,Symptomatic ,"PAAD-FMF (with criteria) A 36 year old Turkish female who has experienced typical febrile FMF attacks with abdominal pain lasting 24-48 hours in every 2-3 months since her childhood, also has arthralgias 2-3 times a year lasting one week. She responded well to 1.5 mg/d Colchicine. She has no mutation on exon 10. She has heterozygous exon 2 variants of G138G, A165A and R202Q. A novel heterozygous variant such as G211G (c.633G>A) on exon 2 has been found. Her 40 year old husband also has typical FMF. He has heterozygous variants of M694V, G138G, A165A, R202Q. Her 14 year old son without any findings of FMF also has  heterozygous novel variant of G211G (c.633G>A). In her 7 year old daughter who also has clinical FMF heterozygous M694V mutation and homozygous G138G, A165A and R202Q has been found as well. The daughter does not have the novel variant G211G (c.633G>A).",Unknown,Unknown,Turkey/Caucasian,,2012-07-13,Erken  E  Dinkçi  S  Eroglu  A   Personal communication,,Benign,Exon,G>A
Exon 2,G218A,p.(Gly218Ala),c.653G>C,substitution,1,G>C,Likely benign,VALIDATED,UNKNOWN,NO,,,Sequencing Sanger ,Symptomatic ,Crohn's disease ,Unknown,Unknown,Belgium/Caucasian,,2012-10-02,Publication (PubMed PMID): 19784369,,Benign,Exon,G>C
Exon 2,G219G,p.(Gly219=),c.657C>T,substitution,1,C>T,Likely benign,VALIDATED,UNKNOWN,NO,,,Sequencing Sanger ,Symptomatic ,PAAD-FMF (with criteria) ,Unknown,Unknown,France/Maghrebian,,2007-08-10,Mancini  J  Dumont  B  Philibert  L  Touitou  I   Personal communication,,Benign,Exon,C>T
Exon 2,P221P,p.(Pro221=),c.663G>C,substitution,1,G>C,Likely benign,VALIDATED,UNKNOWN,NO,,,Sequencing Sanger ,Unknown,UNKNOWN,Unknown,Unknown,France/Maghrebian,,2006-04-27,Domingo-Rittore  C  Touitou  I   Personal communication,,Benign,Exon,G>C
Exon 2,E230K,p.(Glu230Lys),c.688G>A,substitution,1,G>A,Benign,VALIDATED,UNKNOWN,NO,,,Sequencing Sanger ,Symptomatic ,UNKNOWN,Unknown,Unknown,Armenia/,,2001-12-11,"Torozyan Y  et al   Congress abstract:50th annual meeting of the American Society of Human Genetics, Philadelphia, USA, October 2000",,Benign,Exon,G>A
Exon 2,E230Q,p.(Glu230Gln),c.688G>C,substitution,1,G>C,Likely benign,PROVISIONAL,UNKNOWN,NO,,,Sequencing Sanger ,Symptomatic ,PAAD-FMF (with criteria) ,Unknown,Unknown,Turkey/Caucasian,,2013-06-29,Publication (PubMed PMID): 24469716,,Benign,Exon,G>C
Exon 2,P234P,p.(Pro234=),c.702C>T,substitution,1,C>T,Likely benign,VALIDATED,UNKNOWN,NO,,,Sequencing Sanger ,Non symptomatic ,NO,Unknown,Unknown,Canada/Caucasian,,2012-10-01,Publication (PubMed PMID): 19784369,,Benign,Exon,C>T
Exon 2,M238I,p.(Met238Ile),c.714G>T,substitution,1,G>T,Likely benign,VALIDATED,UNKNOWN,NO,,,Sequencing Sanger ,Symptomatic ,Recurrent Fever ,Unknown,Unknown,Italy and Tunisia/,,2014-10-07,Galozzi P  Greco E  Moz S  Martini G  Basso D  Sfriso P  Zulian F  Plebani M  Punzi L   Personal communication,,Benign,Exon,G>T
Exon 2,R239R,p.(Arg239=),c.717A>T,substitution,1,A>T,Likely benign,VALIDATED,UNKNOWN,NO,,,Sequencing Sanger ,Symptomatic Non symptomatic ,Ulcerative Colitis ,Unknown,Unknown,Belgium/Caucasian,,2012-10-02,Publication (PubMed PMID): 19784369,,Benign,Exon,A>T
Exon 2,S242G,p.(Ser242Gly),c.724A>G,substitution,1,A>G,Pathogenic,VALIDATED,NO,UNKNOWN,,,Sequencing Sanger Sequencing NGS ,Symptomatic ,PAAD-PAAND ,Homozygous,Inherited from a symptomatic parent,"Iran, islamic republic of/Iranian-Azeri","The parents reported intermittent febrile episodes with a duration of approximately 2 weeks, arthralgia, myalgia, and recurrent colicky abdominal pain with diarrhea, nausea, vomiting,  and intermittent mucus.  first cousin consanguineous parents",2021-05-27,Publication (PubMed PMID): 33693560,34643647/37198371,Pathogenic,Exon,A>G
Exon 2,S242S,p.(Ser242=),c.726C>T,substitution,1,C>T,Likely benign,VALIDATED,UNKNOWN,NO,,,Sequencing Sanger ,Non symptomatic ,NO,Unknown,Unknown,Armenia/,,2004-11-26,Lohse P  Roselieb  B   Personal communication,,Benign,Exon,C>T
Exon 2,S242R C>G,p.(Ser242Arg),c.726C>G,substitution,1,C>G,Likely pathogenic,VALIDATED,UNKNOWN,NO,,,Sequencing Sanger ,Symptomatic ,PAAD-FMF (with criteria) neutrophilic dermatosis,Unknown,Unknown,Lebanon/Arab,,2007-05-17,Publication (PubMed PMID): 27030597,,Pathogenic,Exon,C>G
Exon 2,S242R C>A,p.(Ser242Arg),c.726C>A,substitution,1,C>A,Likely pathogenic,VALIDATED,UNKNOWN,NO,,,Sequencing Sanger ,Symptomatic ,PAAD-PAAND neutrophilic dermatosis,Unknown,Unknown,France/,,2008-09-12,Publication (PubMed PMID): 27030597,,Pathogenic,Exon,C>A
Exon 2,E244K,p.(Glu244Lys),c.730G>A,substitution,1,G>A,Likely pathogenic,VALIDATED,UNKNOWN,YES,Unknown  ,Altered regulation  ,Sequencing Sanger Sequencing NGS ,Symptomatic ,PAAD-PAAND ,Unknown,Unknown,Spain/,Dominant transmission,2018-07-26,Publication (PubMed PMID): 28835462,,Pathogenic,Exon,G>A
Exon 2,I247V,p.(Ile247Val),c.739A>G,substitution,1,A>G,Likely benign,VALIDATED,UNKNOWN,NO,,,Sequencing Sanger ,Unknown,NO,Unknown,Unknown,Turkey/Turkish,,2011-03-15,Ramazan Gunesacar   Personal communication,,Benign,Exon,A>G
Exon 2,761_764dup,p.(Asn256Argfs*70),c.761_764dupCCGC,duplication,4,CCGC,Likely pathogenic,PROVISIONAL,UNKNOWN,NO,,,Sequencing Sanger ,Symptomatic ,NO,Unknown,Unknown,Turkey/,The sequence and/or protein name of this variant has been edited as compared to that submitted (usual name) to comply with the current nomenclature,2005-08-29,Lohse P  Hörwick E   Personal communication,,Pathogenic,Exon,
Exon 2,K266E,p.(Lys266Glu),c.796A>G,substitution,1,A>G,Likely pathogenic,VALIDATED,UNKNOWN,NO,,missense variation  ,Sequencing Sanger ,Symptomatic ,Unclassified autoinflammatory syndrome ,Unknown,Unknown,Morocco/,,2013-11-06,Jéru I  Cochet E  Amselem S   Personal communication,,Pathogenic,Exon,A>G
Exon 2,A268V,p.(Ala268Val),c.803C>T,substitution,1,C>T,Likely benign,VALIDATED,UNKNOWN,NO,,,Sequencing Sanger ,Symptomatic ,PAAD-FMF (with criteria) ,Unknown,Unknown,Spain/,,2004-08-19,Aldea A  Arostegui JI  Lao JI  Yague J   Personal communication,,Benign,Exon,C>T
Exon 2,S273L,p.(Ser273Leu),c.818C>T,substitution,1,C>T,Likely benign,VALIDATED,UNKNOWN,UNKNOWN,,,Sequencing Sanger ,Symptomatic ,PAAD-FMF (with criteria) ,Unknown,Unknown,Turkey/Caucasian,,2014-03-11,Serdar Oztuzcu  Mustafa Ulasli  Yusuf Ziya Igci  Sercan Ergun  Ahmet Arslan   Personal communication,,Benign,Exon,C>T
Exon 2,P277T,p.(Pro277Thr),c.829C>A,substitution,1,C>A,Likely benign,VALIDATED,UNKNOWN,UNKNOWN,,,Sequencing Sanger ,Symptomatic ,PAAD-FMF (with criteria) ,Unknown,Unknown,Lebanon/Armenian Lebanese,,2011-04-14,Megarbane M  Chouery E  Cobani S  Salem N   Personal communication,,Benign,Exon,C>A
Exon 2,G304R,p.(Gly304Arg),c.910G>A,substitution,1,G>A,Benign,VALIDATED,UNKNOWN,NO,,,Sequencing Sanger ,Symptomatic ,UNKNOWN,Unknown,Unknown,Turkey/,,2002-12-20,Lohse P   Personal communication,,Benign,Exon,G>A
Intron 2,c.910+29C>T,p.?,c.910+29C>T,substitution,1,C>T,Likely benign,VALIDATED,UNKNOWN,UNKNOWN,,,Sequencing Sanger ,Symptomatic ,UNKNOWN,Unknown,Unknown,Lebanon/Arab,,2008-01-21,Corbani S Salem N Chouery E Megarbane A   Personal communication,,Benign,Intron,C>T
Intron 2,911-78T>C,p.?,c.911-78T>C,substitution,1,T>C,Likely benign,VALIDATED,UNKNOWN,NO,,,Sequencing Sanger ,Non symptomatic ,NO,Unknown,Unknown,Turkey/, ,2007-01-06,Lohse P  Fuchs A   Personal communication,,Benign,Intron,T>C
Intron 2,c.911-22T>G,p.?,c.911-22T>G,substitution,1,T>G,Likely benign,VALIDATED,UNKNOWN,UNKNOWN,,,Sequencing Sanger ,Symptomatic ,UNKNOWN,Unknown,Unknown,Lebanon/Arab,,2008-01-23,Corbani S Salem N Chouery E Megarbane A   Personal communication,,Benign,Intron,T>G
Intron 2,c.911-12G>A,p.?,c.911-12G>A,substitution,1,G>A,Likely benign,VALIDATED,UNKNOWN,UNKNOWN,,,Sequencing Sanger ,Symptomatic ,Recurrent Fever ,Unknown,Unknown,Morocco/Maghrebian,,2017-09-05,Van Gijn M   Personal communication,,Benign,Intron,G>A
Exon 3,P307P,p.(Pro307=),c.921A>G,substitution,1,A>G,Likely benign,VALIDATED,UNKNOWN,NO,,,Sequencing Sanger ,Symptomatic ,PAAD-FMF (with criteria) ,Unknown,Unknown,Netherlands antilles/,,2013-05-06,Van Gijn M   Personal communication,,Benign,Exon,A>G
Exon 3,T309M,p.(Thr309Met),c.926C>T,substitution,1,C>T,Likely benign,VALIDATED,UNKNOWN,NO,,,RFLP Sequencing Sanger ,Symptomatic ,PAAD-FMF (with criteria) ,Unknown,Unknown,Lebanon/,,2006-01-18,Salem N  Corbani S  Chouery E  Jalkh N  Medlej-Hashim M  Megarbane A   Personal communication,,Benign,Exon,C>T
Exon 3,R314H,p.(Arg314His),c.941G>A,substitution,1,G>A,Likely benign,VALIDATED,UNKNOWN,NO,,,Sequencing Sanger ,Symptomatic ,UNKNOWN,Unknown,Unknown,"Germany/Germany, Turkey",,2008-12-23,Lahr G Schütz C Benninghoff  U   Personal communication,,Benign,Exon,G>A
Exon 3,R314R,p.(Arg314=),c.942C>T,substitution,1,C>T,Benign,VALIDATED,UNKNOWN,NO,,,Sequencing Sanger ,Non symptomatic ,UNKNOWN,Unknown,Unknown,France/Jewish Non Ashkenasi,Frequent polymorphism found in all populations,2001-12-11,Publication (PubMed PMID): 9668175,,Benign,Exon,C>T
Exon 3,A317T,p.(Ala317Thr),c.949G>A,substitution,1,G>A,Likely benign,VALIDATED,UNKNOWN,NO,,,Sequencing Sanger HRM ,Symptomatic ,Recurrent Fever ,Unknown,Unknown,France/Caucasian,,2010-08-26,Abraham B  Costa JM Dumont B  Barat-Houari M  Touitou I   Personal communication,,Benign,Exon,G>A
Exon 3,V328A,p.(Val328Ala),c.983T>C,substitution,1,T>C,Likely benign,VALIDATED,UNKNOWN,NO,,,Sequencing Sanger ,Symptomatic ,FMF atypical ,Unknown,Unknown,Algeria/France/Maghrebian/Caucase,,2008-12-11,Odent S  Dumont B  Touitou I   Personal communication,,Benign,Exon,T>C
Exon 3,R329H,p.(Arg329His),c.986G>A,substitution,1,G>A,Benign,VALIDATED,UNKNOWN,NO,,,Sequencing Sanger ,Symptomatic ,UNKNOWN,Unknown,Unknown,Germany/,  ,2002-12-20,Lohse  P.   Personal communication,,Benign,Exon,G>A
Exon 3,E336K,p.(Glu336Lys),c.1006G>A,substitution,1,G>A,Likely benign,VALIDATED,YES,NO,,,Sequencing Sanger ,Symptomatic ,PAAD-FMF (with criteria) ,Unknown,Unknown,/,  ,2020-04-02,Publication (PubMed PMID): 31989427,,Benign,Exon,G>A
Exon 3,V338L,p.(Val338Leu),c.1012G>C,substitution,1,G>C,Likely benign,VALIDATED,UNKNOWN,NO,,,Sequencing Sanger ,Symptomatic ,PAAD-FMF (with criteria) ,Unknown,Unknown,Turkey/Caucasian,,2014-02-20,Serdar Oztuzcu  Mustafa Ulasli  Yusuf Ziya Igci  Sercan Ergun  Ahmet Arslan   Personal communication,,Benign,Exon,G>C
Exon 3,S339F,p.(Ser339Phe),c.1016C>T,substitution,1,C>T,Likely benign,VALIDATED,UNKNOWN,NO,,,Sequencing Sanger ,Unknown,UNKNOWN,Unknown,Unknown,Turkey/,,2006-01-23,Haverkamp  T  Paralyova  L   Personal communication,,Benign,Exon,C>T
Exon 3,C352C,p.(Cys352=),c.1056C>T,substitution,1,C>T,Likely benign,VALIDATED,UNKNOWN,NO,,,Sequencing Sanger ,Non symptomatic ,NO,Unknown,Unknown,Spain/,,2006-07-17,Arostegui JI  Ibanez M  Yague J   Personal communication,,Benign,Exon,C>T
Exon 3,P353A,p.(Pro353Ala),c.1057C>G,substitution,1,C>G,Likely benign,VALIDATED,UNKNOWN,NO,,,Sequencing Sanger ,Symptomatic ,PAAD-FMF (with criteria) ,Unknown,Unknown,Turkey/Asian,,2017-10-30,FUSUN KAYNAK TUSGUL GULPER KOYUNCU NACARKAHYA SIBEL OGUZKAN BALCI   Personal communication,,Benign,Exon,C>G
Exon 3,S363N,p.(Ser363Asn),c.1088G>A,substitution,1,G>A,Likely benign,VALIDATED,UNKNOWN,NO,,,Sequencing Sanger ,Symptomatic ,Early Arthritis Early-onset polyarthritis,Unknown,Unknown,Mauritania/African,,2014-02-25,Anton J  Ruiz-Ortiz E  Gonzalez-Roca  E  Yague J  Arostegui  Juan I   Personal communication,,Benign,Exon,G>A
Exon 3,S363S,p.(Ser363=),c.1089C>T,substitution,1,C>T,Likely benign,VALIDATED,UNKNOWN,NO,,,Sequencing Sanger ,Non symptomatic ,NO,Unknown,Unknown,Turkey/,,2007-01-06,Lohse P   Rübsamen H   Personal communication,,Benign,Exon,C>T
Exon 3,P364L,p.(Pro364Leu),c.1091C>T,substitution,1,C>T,Likely benign,VALIDATED,UNKNOWN,NO,,,Sequencing Sanger ,Unknown,UNKNOWN,Unknown,Unknown,/,,2009-10-19,CORBANI S  SALEM N  CHOUERY E  MEGARBANE  A   Personal communication,,Benign,Exon,C>T
Exon 3,P364P,p.(Pro364Pro),c.1092G>T,substitution,1,G>T,Likely benign,VALIDATED,UNKNOWN,UNKNOWN,,,Sequencing NGS ,Symptomatic ,Recurrent Fever ,Unknown,Unknown,/African,,2017-09-05,Attout H  Sarrabay G  Rittore C  Touitou I   Personal communication,,Benign,Exon,G>T
Exon 3,L367V,p.(Leu367Val),c.1099C>G,substitution,1,C>G,Likely benign,VALIDATED,UNKNOWN,UNKNOWN,,,Sequencing Sanger Sequencing NGS ,Symptomatic ,Behçet's disease ,Unknown,Unknown,Spain/Caucasian,,2017-01-25,Publication (PubMed PMID): 28814775,,Benign,Exon,C>G
Exon 3,P369S,p.(Pro369Ser),c.1105C>T,substitution,1,C>T,Likely benign,VALIDATED,UNKNOWN,NO,,,RFLP Sequencing Sanger ,Symptomatic ,UNKNOWN,Unknown,Unknown,France/Jewish Ashkenasi,Almost always identified with R408Q in cis.,2001-12-11,Publication (PubMed PMID): 10090880,,Benign,Exon,C>T
Exon 3,P373L,p.(Pro373Leu),c.1118C>T,substitution,1,C>T,Likely pathogenic,VALIDATED,UNKNOWN,UNKNOWN,,,Sequencing Sanger ,Symptomatic ,"recurrent fever, arthritis",Unknown,Unknown,Italy/Caucasian,"Also caused dominant classical FMF in a large British family (D Rowczenio, personal communication)",2013-09-10,lucherini OM  Vitale A  Magnotti F  Guerrini S  Caso F  Brizi G  Galeazzi M  Cantarini L     Personal communication,31384939,Pathogenic,Exon,C>T
Exon 3,L384P,p.(Leu384Pro),c.1151T>C,substitution,1,T>C,Likely benign,VALIDATED,UNKNOWN,NO,,,Sequencing Sanger ,Symptomatic ,PAAD-FMF (with criteria) ,Unknown,Unknown,Netherlands/,,2013-05-06,Van Gijn M   Personal communication,,Benign,Exon,T>C
Exon 3,D391N,p.(Asp391Asn),c.1171G>A,substitution,1,G>A,Likely benign,VALIDATED,UNKNOWN,NO,,,Sequencing Sanger ,Symptomatic ,PAAD-FMF (with criteria) ,Unknown,Unknown,Netherlands/Netherlands,,2013-05-06,Marielle Van Gijn   Personal communication,,Benign,Exon,G>A
Exon 3,P393P,p.(Pro393=),c.1179C>T,substitution,1,C>T,Likely benign,VALIDATED,UNKNOWN,NO,,,Sequencing Sanger ,Non symptomatic ,UNKNOWN,Unknown,Unknown,/,,2001-12-11,Publication (PubMed PMID): 9668175,,Benign,Exon,C>T
Exon 3,E403K,p.(Glu403Lys),c.1207G>A,substitution,1,G>A,Likely pathogenic,VALIDATED,UNKNOWN,NO,,,Sequencing Sanger HRM ,Symptomatic ,PAAD-FMF (with criteria) ,Unknown,Unknown,Turkey/Caucasian,,2011-05-25,CLET J  FABRE A  PHILIBERT L  TOUITOU I   Personal communication,,Pathogenic,Exon,G>A
Exon 3,c.1229G>A,p.(Arg410His),c.1229G>A,substitution,1,G>A,Likely benign,VALIDATED,UNKNOWN,NO,,,Sequencing NGS ,Symptomatic ,Unclassified autoinflammatory syndrome ,Unknown,Unknown,/,,2018-03-29,Georgin-Lavialle S  Rittore C  Boursier G   Personal communication,,Benign,Exon,G>A
Exon 3,V415V,p.(Val415=),c.1245C>T,substitution,1,C>T,Likely benign,VALIDATED,UNKNOWN,NO,,,Sequencing Sanger ,Symptomatic ,UNKNOWN,Unknown,Unknown,Turkey/,,2008-08-05,van Gijn  ME   Personal communication,,Benign,Exon,C>T
Exon 3,E418*,p.Glu418*,c.1252G>T,substitution,1,G>T,Likely pathogenic,,YES,NO,,,Sequencing NGS ,Symptomatic ,Patient has an FMF/Psoriatic arthritis - like phenotype with joint and stomach pain attacks with elevated CRP.,Heterozygous,Unknown,Turkey/Caucasian,Since the patient had a heterozygous variant with no other explanatory variant in MEFV gene (or no other pathogenic variants were seen in other genes related to autoinflammatory diseases in the NGS panel) we would like to believe this variant causes an autosomal dominant form of FMF or FMF-like autoinflammatory disease.,2024-03-13,Peker A  Altiok Clark O   Personal communication,,Pathogenic,Exon,G>T
Intron 3,1260+10C>T,p.?,c.1260+10C>T,substitution,1,C>T,Likely benign,VALIDATED,UNKNOWN,NO,,,DGGE Sequencing Sanger ,Unknown,UNKNOWN,Unknown,Unknown,France/,,2005-08-25,B  Dumont  C  Rittore-Domingo  I  Touitou   Personal communication,,Benign,Intron,C>T
Intron 3,c.1260+92G>A,p.?,c.1260+92G>A,substitution,1,G>A,Likely benign,VALIDATED,UNKNOWN,NO,,,Sequencing Sanger ,Symptomatic ,UNKNOWN,Unknown,Unknown,Morocco/Maghrebian,,2009-04-14,Boralevi F  Fabre A  Touitou I   Personal communication,,Benign,Intron,G>A
Intron 3,1261-28A>G,p.?,c.1261-28A>G,substitution,1,A>G,Likely benign,VALIDATED,UNKNOWN,NO,,,Sequencing Sanger ,Symptomatic ,UNKNOWN,Unknown,Unknown,Turkey/,found in an individual heterozygous for V726A ,2005-09-01,Lohse P  Schneidenbach R   Personal communication,,Benign,Intron,A>G
Intron 3,1261-11T>G,p.?,c.1261-11T>G,substitution,1,T>G,Likely benign,VALIDATED,UNKNOWN,NO,,,Sequencing Sanger ,Symptomatic ,UNKNOWN,Unknown,Unknown,Italy/,The affected individual was also a heterozygous carrier of the p.Glul48Gln/E148Q mutation.     ,2007-01-06,Lohse P   Personal communication,,Benign,Intron,T>G
Exon 4,Q440E,p.(Gln440Glu),c.1318C>G,substitution,1,C>G,Benign,VALIDATED,UNKNOWN,NO,,,DGGE Sequencing Sanger ,Symptomatic ,PFAPA ,Unknown,Unknown,France/Jewish Non Ashkenasi,,2007-03-28,Cazeneuve  C  Begue  F  Amselem  S   Personal communication,,Benign,Exon,C>G
Exon 4,S442T,p.(Ser442Thr),c.1324T>A,substitution,1,T>A,Likely benign,VALIDATED,UNKNOWN,NO,,,Sequencing NGS ,Unknown,Undefined-AID ,Unknown,Unknown,/Mediterranean,,2019-05-13,Meinzer  U  Rittore  C  Ruault  V  Boursier  G  Touitou  I   Personal communication,,Benign,Exon,T>A
Intron 4,1356+44A>G,p.?,c.1356+44A>G,substitution,1,A>G,Likely benign,VALIDATED,UNKNOWN,NO,,,Sequencing Sanger ,Non symptomatic ,NO,Unknown,Unknown,Turkey/, ,2005-12-19,Lohse P  Rübsamen H  Minden K   Personal communication,,Benign,Intron,A>G
Intron 4,1356+98C>T,p.?,c.1356+98C>T,substitution,1,C>T,Likely benign,VALIDATED,UNKNOWN,NO,,,Sequencing Sanger ,Symptomatic ,PAAD-FMF (with criteria) ,Unknown,Unknown,Tunesia/Germany/African/Caucasian,,2011-09-09,Lohse P  Berendes R   Personal communication,,Benign,Intron,C>T
Exon 5,E456D,p.(Glu456Asp),c.1368A>C,substitution,1,A>C,Likely benign,VALIDATED,UNKNOWN,UNKNOWN,,,Sequencing Sanger ,Symptomatic ,PAAD-FMF (with criteria) ,Unknown,Unknown,Turkey/Caucasian,,2010-03-18,Berdeli A  Tigili D  Pasolar A  Atan M  Nalbantoglu S.   Personal communication,,Benign,Exon,A>C
Exon 5,A457A,p.(Ala457Ala),c.1371G>A,substitution,1,G>A,Likely benign,VALIDATED,UNKNOWN,UNKNOWN,,,Sequencing NGS ,Symptomatic ,Recurrent Fever ,Unknown,Unknown,/Caucasian,,2017-09-05,Pruna L  Sarrabay G  Rittore C  Touitou I   Personal communication,,Benign,Exon,G>A
Exon 5,R461Q,p.(Arg461Gln),c.1382G>A,substitution,1,G>A,Likely benign,VALIDATED,YES,NO,,,Sequencing Sanger ,Symptomatic ,PAAD-FMF (with criteria) ,Unknown,Unknown,/,  ,2020-04-02,Publication (PubMed PMID): 31989427,,Benign,Exon,G>A
Exon 5,E474E,p.(Glu474=),c.1422G>A,substitution,1,G>A,Benign,VALIDATED,UNKNOWN,NO,,,Sequencing Sanger ,Non symptomatic ,UNKNOWN,Unknown,Unknown,France/Jewish Non Ashkenasi,,2001-12-11,Publication (PubMed PMID): 9288758,,Benign,Exon,G>A
Exon 5,Q476Q,p.(Gln476=),c.1428A>G,substitution,1,A>G,Benign,VALIDATED,UNKNOWN,NO,,,Sequencing Sanger ,Non symptomatic ,UNKNOWN,Unknown,Unknown,/,,2001-12-11,Publication (PubMed PMID): 9288758,,Benign,Exon,A>G
Exon 5,H478Y,p.(His478Tyr),c.1432C>T,substitution,1,C>T,Likely pathogenic,VALIDATED,UNKNOWN,NO,,,Sequencing Sanger ,Symptomatic ,PAAD-FMF (with criteria) Amyloidosis,Unknown,Unknown,Spain/,Dominant inheritance,2002-06-18,Publication (PubMed PMID): 14679589,,Pathogenic,Exon,C>T
Exon 5,F479L,p.(Phe479Leu),c.1437C>G,substitution,1,C>G,Pathogenic,VALIDATED,UNKNOWN,NO,,,DGGE Sequencing Sanger ,Symptomatic ,PAAD-FMF (with criteria) ,Unknown,Unknown,Armenia/,Also found in other populations,2001-12-11,Publication (PubMed PMID): 9668175,,Pathogenic,Exon,C>G
Exon 5,V487L,p.(Val487Leu),c.1459G>C,substitution,1,G>C,Benign,VALIDATED,UNKNOWN,UNKNOWN,,,Sequencing NGS ,Symptomatic ,NLRC4-AID (AIFEC) ,Unknown,Unknown,France/African,,2017-08-21,Dusser P  Sarrabay G  Rittore C  Touitou I   Personal communication,,Benign,Exon,G>C
Exon 5,Q489Q,p.(Gln489=),c.1467G>A,substitution,1,G>A,Likely benign,VALIDATED,UNKNOWN,NO,,No effect  ,Sequencing Sanger ,Non symptomatic ,NO,Unknown,Unknown,Spain/,,2005-07-26,AROSTEGUI  JI  CANETE  JD  YAGUE  J   Personal communication,,Benign,Exon,G>A
Exon 5,R495K,p.(Arg495Lys),c.1484G>A,substitution,1,G>A,Likely benign,VALIDATED,YES,NO,,,Sequencing Sanger Sequencing NGS ,Symptomatic ,PAAD-FMF (with criteria) ,Unknown,Unknown,Italy/Caucasian,,2019-07-16,Grossi A  Ceccherini I   Personal communication,,Benign,Exon,G>A
Exon 5,R501C,p.(Arg501Cys),c.1501C>T,substitution,1,C>T,Likely pathogenic,PROVISIONAL,UNKNOWN,NO,,,Sequencing Sanger ,Symptomatic ,PAAD-FMF (with criteria) ,Unknown,Unknown,Turkey/Caucasian,,2011-04-01,Berdeli A.  Nalbantoglu S.  Pasolar A.  Atan M.  T&#305 gl&#305  D.  Demirel I.  Toparlak P.    Personal communication,,Pathogenic,Exon,C>T
Exon 5,R501H,p.(Arg501His),c.1502G>A,substitution,1,G>A,Likely benign,VALIDATED,UNKNOWN,NO,,,RFLP Sequencing Sanger ,Non symptomatic ,NO,Unknown,Unknown,Israel/Jewish Ashkenasi,"The mutation was found in an asymptomatic individual who also had the E148Q mutation, and is a father of a child with FMF. The child inherited the E148Q mutation. ",2008-09-04,Shinar Y   Ezra N   Livneh A   Personal communication,,Benign,Exon,G>A
Exon 5,R501R,p.(Arg501=),c.1503C>T,substitution,1,C>T,Likely benign,VALIDATED,UNKNOWN,NO,,,DGGE Sequencing Sanger ,Non symptomatic ,NO,Unknown,Unknown,Armenia/,,2001-12-24,Publication (PubMed PMID): 10364520,,Benign,Exon,C>T
Exon 5,S503C,p.(Ser503Cys),c.1508C>G,substitution,1,C>G,Likely benign,VALIDATED,UNKNOWN,UNKNOWN,,,Sequencing Sanger ,Symptomatic ,PAAD-FMF (with criteria) ,Unknown,Unknown,Turkey/Caucasian,,2010-03-18,Publication (PubMed PMID): 26247045,30546872/33747591/29526930/32475906,Benign,Exon,C>G
Exon 5,D505G,p.(Asp505Gly),c.1514A>G,substitution,1,A>G,Likely benign,VALIDATED,UNKNOWN,NO,,,Sequencing Sanger ,Symptomatic ,PAAD-FMF (with criteria) ,Unknown,Unknown,/,,2013-05-06,Van Gijn M   Personal communication,,Benign,Exon,A>G
Exon 5,I506V,p.(Ile506Val),c.1516A>G,substitution,1,A>G,Likely benign,VALIDATED,UNKNOWN,NO,,,Sequencing Sanger ,Non symptomatic ,FMF atypical ,Unknown,Unknown,Turkey/Caucasian,,2008-01-14,Berdeli A Tigli D Ozdemir N   Personal communication,,Benign,Exon,A>G
Exon 5,I506I,p.(Ile506=),c.1518C>T,substitution,1,C>T,Likely benign,VALIDATED,UNKNOWN,NO,,,DGGE Sequencing Sanger ,Non symptomatic ,UNKNOWN,Unknown,Unknown,Armenia/,,2001-12-24,Publication (PubMed PMID): 10364520,,Benign,Exon,C>T
Exon 5,L508Q,p.(Leu508Gln),c.1523T>A,substitution,1,T>A,Likely benign,VALIDATED,YES,NO,,,Sequencing NGS ,Symptomatic ,PAAD-FMF (with criteria) ,Unknown,Unknown,/,  ,2020-04-02,Publication (PubMed PMID): 31989427,,Benign,Exon,T>A
Exon 5,D510N,p.(Asp510Asn),c.1528G>A,substitution,1,G>A,Likely benign,VALIDATED,UNKNOWN,NO,,In silico analysis controversial;Tested on polyphen 2 and pmut : probably damaging;Tested on sift and provean: tolerated  ,Sequencing Sanger ,Symptomatic ,Recurrent Fever ,Unknown,Unknown,Greece/,"2 years old boy presenting from the age of 15 months old reccurent (weekly) episodes of fever (up to 41 degrees celsius. He also displayed supraventricular tachycardia at birth, which disappeared later.  The patient presents on the other chromosome the p.e148q/c.442g>c substitution.  ",2014-10-21,ALFALAB  GREECE   Personal communication,,Benign,Exon,G>A
Exon 5,D510D,p.(Asp510=),c.1530T>C,substitution,1,T>C,Benign,VALIDATED,UNKNOWN,NO,,,Sequencing Sanger ,Non symptomatic ,UNKNOWN,Unknown,Unknown,/,,2001-12-22,Publication (PubMed PMID): 9288758,,Benign,Exon,T>C
Intron 5,1587+18C>T,p.?,c.1587+18C>T,substitution,1,C>T,Likely benign,VALIDATED,UNKNOWN,NO,,,DGGE Sequencing Sanger ,Symptomatic ,Recurrent Fever ,Unknown,Unknown,France/,,2006-05-29,Fabre  A  Dumont  B  Touitou  I   Personal communication,,Benign,Intron,C>T
Intron 5,c.1587+29G>T,p.?,c.1587+29G>T,substitution,1,G>T,Likely benign,VALIDATED,UNKNOWN,NO,,,Sequencing Sanger HRM ,Symptomatic ,UNKNOWN,Unknown,Unknown,France/Caucasian,,2009-03-11,Weiller PJ  Fabre A Touitou I   Personal communication,,Benign,Intron,G>T
Intron 5,1587+33C>G,p.?,c.1587+33C>G,substitution,1,C>G,Likely benign,VALIDATED,UNKNOWN,NO,,,DGGE Sequencing Sanger ,Unknown,FMF atypical ,Unknown,Unknown,France/Maghrebian, ,2004-09-20,Touitou I   Personal communication,,Benign,Intron,C>G
Intron 5,c.1588-69G>A,p.?,c.1588-69G>A,substitution,1,G>A,Likely benign,VALIDATED,UNKNOWN,UNKNOWN,,,Sequencing Sanger ,Symptomatic ,UNKNOWN,Unknown,Unknown,Lebanon/Arab,,2008-01-23,Corbani S Salem N Chouery E Nehme N Megarbane A   Personal communication,,Benign,Intron,G>A
Intron 5,c.1588-17C>G,p.?,c.1588-17C>G,substitution,1,C>G,Likely benign,VALIDATED,UNKNOWN,UNKNOWN,,,Sequencing NGS ,Symptomatic ,Recurrent Fever ,Unknown,Unknown,France/Jewish Non Ashkenasi,,2017-09-05,Pagnier A  Sarrabay G  Rittore C  Touitou I   Personal communication,,Benign,Intron,C>G
Intron 6,c.1610+47A>T,p.?,c.1610+47A>T,substitution,1,A>T,Likely benign,VALIDATED,UNKNOWN,UNKNOWN,,,Sequencing Sanger ,Symptomatic ,UNKNOWN,Unknown,Unknown,Lebanon/Arab,,2008-01-21,Corbani S Salem N Chouery E Megarbane A   Personal communication,,Benign,Intron,A>T
Intron 6,1610+96C>T,p.?,c.1610+96C>T,substitution,1,C>T,Likely benign,VALIDATED,UNKNOWN,NO,,,Sequencing Sanger ,Unknown,UNKNOWN,Unknown,Unknown,Lebanon/,,2006-05-09,Salem  N  Corbani  S  Chouery  E   Megarbane  M   Personal communication,,Benign,Intron,C>T
Intron 6,1611-1G>C,p.?,c.1611-1G>C,substitution,1,G>C,Likely pathogenic,,YES,NO,,,Sequencing NGS ,Symptomatic ,PAAD-FMF (with criteria) ,Unknown,Unknown,/,,2020-04-02,Publication (PubMed PMID): 31989427,,Pathogenic,Intron,G>C
Intron 7,1727-58T>C,p.?,c.1727-58T>C,substitution,1,T>C,Likely benign,VALIDATED,UNKNOWN,NO,,,Sequencing Sanger ,Non symptomatic ,NO,Unknown,Unknown,Germany/Serb, ,2006-02-07,Lohse P  Lohse P  Sarrazin C   Personal communication,,Benign,Intron,T>C
Exon 8,T577SAT,p.(Thr577Ser),c.1729A>T,substitution,1,A>T,Likely pathogenic,PROVISIONAL,UNKNOWN,NO,,,Sequencing Sanger ,Symptomatic ,UNKNOWN,Unknown,Unknown,France/,,2008-03-03,van Gijn  ME   Personal communication,,Pathogenic,Exon,A>T
Exon 8,T577A,p.(Thr577Ala),c.1729A>G,substitution,1,A>G,Likely pathogenic,VALIDATED,UNKNOWN,UNKNOWN,,,Sequencing Sanger ,Symptomatic ,Recurrent Fever ,Unknown,Unknown,Netherlands/,,2013-05-04,Publication (PubMed PMID): 23505238,,Pathogenic,Exon,A>G
Exon 8,T577N,p.(Thr577Asn),c.1730C>A,substitution,1,C>A,Pathogenic,VALIDATED,UNKNOWN,YES,Unknown  ,Altered regulation  ,Sequencing Sanger ,Symptomatic ,Recurrent Fever ,Unknown,Unknown,United kingdom/,,2013-05-04,Publication (PubMed PMID): 23505238,,Pathogenic,Exon,C>A
Exon 8,T577SCG,p.(Thr577Ser),c.1730C>G,substitution,1,C>G,Likely pathogenic,VALIDATED,UNKNOWN,NO,,,Sequencing Sanger ,Symptomatic ,Recurrent Fever ,Unknown,Unknown,Turkey/,,2013-05-04,Publication (PubMed PMID): 23505238,,Pathogenic,Exon,C>G
Exon 8,T577I,p.(Thr577Ile),c.1730C>T,substitution,1,C>T,Likely pathogenic,,YES,NO,,,Sequencing NGS ,Symptomatic ,Still-like,Mosaic,De novo,France/Caucasian,,2024-09-16,Avenel M  Rittore C  Boursier G   Personal communication,,Pathogenic,Exon,C>T
Exon 8,E583A,p.(Glu583Ala),c.1748A>C,substitution,1,A>C,Pathogenic,,YES,YES,Cell free system  ,Gain of function  ,Sequencing NGS ,Symptomatic ,PAAD-FMF (with criteria) PAAD with absence of recurrent fever but the presence of recurrent chest and abdominal pain. Colchicine effectively controlled the phenotype,Heterozygous,De novo,China/Asian,,2023-09-08,Publication (PubMed PMID): 37676738,,Pathogenic,Exon,A>C
Intron 8,IVS8+8 C-T,p.?,c.1759+8C>T,substitution,1,C>T,Likely benign,VALIDATED,UNKNOWN,NO,,,Sequencing Sanger ,Symptomatic ,UNKNOWN,Unknown,Unknown,Viet nam/,"This mutation was observed together with L110P, E148Q, P369S, R408Q and R501R  FMF diagnosis is still clinically not clear.  Patient suffers several times a year from heavy pain in limbs     The sequence and/or protein name of this variant has been edited as compared to that submitted (usual name) to comply with the current nomenclature",2003-12-11,Haverkamp T   Personal communication,,Benign,Intron,C>T
Intron 8,1760-30A>T,p.?,c.1760-30T>A,substitution,1,T>A,Likely benign,VALIDATED,UNKNOWN,NO,,,Sequencing Sanger ,Non symptomatic ,NO,Unknown,Unknown,Turkey/,common polymorphism which is usually in tight linkage  with the P588P polymorphism encoded by exon 9 (A + CCA and T + CCG) ,2006-03-17,Lohse  P   Personal communication,,Benign,Intron,T>A
Intron 8,1760-28T>A,p.?,c.1760-28T>A,substitution,1,T>A,Likely benign,VALIDATED,UNKNOWN,NO,,,Sequencing Sanger ,Non symptomatic ,NO,Unknown,Unknown,Italy/, ,2007-01-06,Lohse P   Personal communication,,Benign,Intron,T>A
Intron 8,c.1760-5C>T,p.?,c.1760-5C>T,substitution,1,C>T,Likely benign,VALIDATED,UNKNOWN,NO,,,Sequencing Sanger ,Symptomatic ,PAAD-FMF (with criteria) ,Unknown,Unknown,Iraq/,,2013-05-06,Van Gijn M   Personal communication,,Benign,Intron,C>T
Intron 8,1760-4G>A,p.?,c.1760-4G>A,substitution,1,G>A,Likely benign,VALIDATED,UNKNOWN,NO,,,Sequencing Sanger ,Symptomatic ,NO,Unknown,Unknown,Saudi arabia/,"In contrast to positions -1 to -3 and -5 to -15, position -4 of the 3´ acceptor splice site is the only variable one (consensus sequence (Y)nNYAG/exon. See Zhang-MQ. Hum. Mol. Genet. 1998. 7: 919-932)  ",2005-09-01,Lohse P  Rübsamen H  Fuchs A   Personal communication,,Benign,Intron,G>A
Exon 9,P588P,p.(Pro588=),c.1764G>A,substitution,1,G>A,Benign,VALIDATED,UNKNOWN,NO,,,Sequencing Sanger ,Non symptomatic ,UNKNOWN,Unknown,Unknown,/,,2001-12-22,Publication (PubMed PMID): 9288758,,Benign,Exon,G>A
Exon 9,I591T,p.(Ile591Thr),c.1772T>C,substitution,1,T>C,Likely benign,VALIDATED,UNKNOWN,NO,,,Sequencing Sanger ,Symptomatic ,PAAD-FMF (with criteria) ,Unknown,Unknown,France/,,2001-12-22,Publication (PubMed PMID): 11464238,,Benign,Exon,T>C
Exon 9,G592G,p.(Gly592=),c.1776C>T,substitution,1,C>T,Likely benign,VALIDATED,UNKNOWN,NO,,,Sequencing Sanger ,Non symptomatic ,NO,Unknown,Unknown,Spain/,,2006-04-06,Arostegui JI  Canete JD  Yague J   Personal communication,,Benign,Exon,C>T
Intron 9,1792+39 G>A,p.?,c.1792+39G>A,substitution,1,G>A,Likely benign,VALIDATED,UNKNOWN,NO,,,Sequencing Sanger ,Non symptomatic ,NO,Unknown,Unknown,Spain/Caucasian,,2007-03-15,Arostegui JI  Yague J   Personal communication,,Benign,Intron,G>A
Intron 9,IVS9+57C>T,p.?,c.1792+57C>T,substitution,1,C>T,Likely benign,VALIDATED,UNKNOWN,NO,,,Sequencing Sanger ,Symptomatic ,UNKNOWN,Unknown,Unknown,Germany/Arab,no other mutation found    The sequence and/or protein name of this variant has been edited as compared to that submitted (usual name) to comply with the current nomenclature,2005-12-29,Haverkamp  T  Paralyova  L   Personal communication,,Benign,Intron,C>T
Intron 9,1793-14A>G,p.?,c.1793-14A>G,substitution,1,A>G,Likely benign,VALIDATED,UNKNOWN,NO,,,Sequencing Sanger ,Unknown,NO,Unknown,Unknown,Germany/, ,2005-09-01,Lohse P   Personal communication,,Benign,Intron,A>G
Exon 10,N599D,p.(Asn599Asp),c.1795A>G,substitution,1,A>G,Likely benign,VALIDATED,UNKNOWN,NO,,,Sequencing Sanger ,Symptomatic ,UNKNOWN,Unknown,Unknown,Jordan/Arab,,2009-06-04,Kohilan A  El-Shanti H   Personal communication,,Benign,Exon,A>G
Exon 10,L602L,p.(Leu602=),c.1806G>T,substitution,1,G>T,Likely benign,VALIDATED,UNKNOWN,NO,,,Sequencing Sanger ,Symptomatic ,FMF atypical ,Unknown,Unknown,Turkey/Caucasian,,2009-08-21,Uzumcu  A   Personal communication,,Benign,Exon,G>T
Exon 10,T606T,p.(Thr606=),c.1818C>T,substitution,1,C>T,Likely benign,VALIDATED,UNKNOWN,NO,,,Sequencing Sanger HRM ,Symptomatic ,UNKNOWN,Unknown,Unknown,Spain North Africa/Caucasian,,2009-08-04,Coupier  I  Fabre  A  Touitou  I   Personal communication,,Benign,Exon,C>T
Exon 10,P609P,p.(Pro609=),c.1827C>G,substitution,1,C>G,Likely benign,VALIDATED,UNKNOWN,NO,,,Sequencing Sanger ,Symptomatic ,Recurrent Fever ,Unknown,Unknown,French Jewish/Italian/Caucasian, ,2005-08-25,C Rittore-Domingo  I Touitou   Personal communication,,Benign,Exon,C>G
Exon 10,W626R,p.(Trp626Arg),c.1876T>A,substitution,1,T>A,Likely benign,VALIDATED,UNKNOWN,NO,,,Sequencing Sanger ,Symptomatic ,PAAD-FMF (with criteria) ,Unknown,Unknown,Turkey/Asian,,2017-10-06,FUSUN KAYNAK TUSGUL GULPER KOYUNCU NACARKAHYA SIBEL OGUZKAN BALCI   Personal communication,,Benign,Exon,T>A
Exon 10,G632A,p.(Gly632Ala),c.1895G>C,substitution,1,G>C,Likely benign,PROVISIONAL,UNKNOWN,UNKNOWN,,,Sequencing Sanger ,Symptomatic ,PAAD-FMF (with criteria) ,Unknown,Unknown,"Iran, islamic republic of/Asian",,2010-06-29,Safar farajnia   Personal communication,,Benign,Exon,G>C
Exon 10,I641F,p.(Ile641Phe),c.1921A>T,substitution,1,A>T,Likely pathogenic,VALIDATED,UNKNOWN,NO,,,Sequencing Sanger ,Symptomatic ,UNKNOWN,Unknown,Unknown,Turkey/,"mutation was found in homozygote status  I641 conserved among higher mammals (homo, pan, canis)",2005-12-29,Haverkamp  T  Paralyova  L   Personal communication,,Pathogenic,Exon,A>T
Exon 10,P646P,p.(Pro646=),c.1938G>A,substitution,1,G>A,Likely benign,VALIDATED,UNKNOWN,NO,,,Sequencing Sanger ,Non symptomatic ,NO,Unknown,Unknown,Turkey/,,2006-03-17,Lohse P  Fuchs A  Reutter-Simon G   Personal communication,,Benign,Exon,G>A
Exon 10,R652R,p.(Arg652=),c.1956C>A,substitution,1,C>A,Likely benign,VALIDATED,UNKNOWN,NO,,,Sequencing Sanger ,Non symptomatic ,UNKNOWN,Unknown,Unknown,/, ,2001-12-22,Centola  M   Personal communication,,Benign,Exon,C>A
Exon 10,K662Dfs*36,p.(Lys662Aspfs*36),c.1984_1985delAA,deletion,2,AA>-,Likely pathogenic,,NO,NO,,,Sequencing Sanger ,Symptomatic ,recurrent fever,Unknown,Unknown,/Mediterranean,,2019-03-13,Georgiadou T  Stumpp T   Personal communication,,Pathogenic,Exon,
Exon 10,M680L,p.(Met680Leu),c.2038A>C,substitution,1,A>C,Likely pathogenic,VALIDATED,UNKNOWN,NO,,,RFLP Sequencing Sanger ,Symptomatic ,PAAD-FMF (with criteria) ,Unknown,Unknown,France/Maghrebian,,2001-12-22,Publication (PubMed PMID): 10842288,,Pathogenic,Exon,A>C
Exon 10,M680V,p.(Met680Val),c.2038A>G,substitution,1,A>G,Likely pathogenic,VALIDATED,UNKNOWN,NO,,,Sequencing Sanger HRM ,Symptomatic ,PAAD-FMF (with criteria) ,Unknown,Unknown,France/Jewish Non Ashkenasi,,2011-05-25,Halbert C FABRE A PHILIBERT L  TOUITOU I   Personal communication,,Pathogenic,Exon,A>G
Exon 10,M680IGC,p.(Met680Ile),c.2040G>C,substitution,1,G>C,Pathogenic,VALIDATED,UNKNOWN,NO,,,DGGE RFLP Sequencing Sanger ,Symptomatic ,NO,Unknown,Unknown,Armenia/,Also frequent in Turks and Arabs,2001-12-11,Publication (PubMed PMID): 9288094,9288758,Pathogenic,Exon,G>C
Exon 10,M680IGA,p.(Met680Ile),c.2040G>A,substitution,1,G>A,Pathogenic,VALIDATED,UNKNOWN,NO,,,DGGE RFLP Sequencing Sanger ,Symptomatic ,PAAD-FMF (with criteria) ,Unknown,Unknown,Italy/,,2001-12-11,Publication (PubMed PMID): 10090880,,Pathogenic,Exon,G>A
Exon 10,M680IGT,p.(Met680Ile),c.2040G>T,substitution,1,G>T,Likely pathogenic,,UNKNOWN,UNKNOWN,,,Unknown ,Unknown,UNKNOWN,Unknown,Unknown,/,,2020-01-28,GenDx via Clinvar   Personal communication,,Pathogenic,Exon,G>T
Exon 10,T681I,p.(Thr681Ile),c.2042C>T,substitution,1,C>T,Likely pathogenic,VALIDATED,UNKNOWN,NO,,,Sequencing Sanger ,Symptomatic ,PAAD-FMF (with criteria) ,Unknown,Unknown,France/Maghrebian,,2001-12-22,Publication (PubMed PMID): 10024914,,Pathogenic,Exon,C>T
Exon 10,S683S,p.(Ser683=),c.2049G>A,substitution,1,G>A,Likely benign,VALIDATED,UNKNOWN,NO,,,DGGE Sequencing Sanger ,Non symptomatic ,NO,Unknown,Unknown,France/Jewish Non Ashkenasi,Rare polymorphism,2001-12-24,Touitou I   Personal communication,,Benign,Exon,G>A
Exon 10,Y688C,p.(Tyr688Cys),c.2063A>G,substitution,1,A>G,Likely pathogenic,VALIDATED,UNKNOWN,NO,,,Sequencing Sanger ,Unknown,UNKNOWN,Unknown,Unknown,Unknown/,,2004-02-05,Tchernitchko D   Personal communication,,Pathogenic,Exon,A>G
Exon 10,Y688F,p.(Tyr688Phe),c.2063A>T,substitution,1,A>T,Likely pathogenic,VALIDATED,UNKNOWN,NO,,,Sequencing Sanger ,Symptomatic ,PAAD-FMF (with criteria) FMF (patient compound heterozygote with I591T mutation exon 9),Unknown,Unknown,Netherlands/Caucasian,"Found in 2000 in DNA diagnostic lab Leiden, the Netherlands. ",2011-12-19,Publication (PubMed PMID): 10992897,,Pathogenic,Exon,A>T
Exon 10,I692DEL,p.(Ile692del),c.2076_2078del,deletion,3,AAT,Pathogenic,VALIDATED,UNKNOWN,NO,,,DGGE Sequencing Sanger ,Symptomatic ,PAAD-FMF (with criteria) ,Unknown,Unknown,France/Maghrebian,The most 3' positions (residue) possible are arbitrarily assigned to have been deleted. This deletion is frequently in cis with E148Q. ,2001-12-24,Publication (PubMed PMID): 9668175,,Pathogenic,Exon,
Exon 10,M694V,p.(Met694Val),c.2080A>G,substitution,1,A>G,Pathogenic,VALIDATED,UNKNOWN,NO,,,ARMS DGGE RFLP Sequencing Sanger ,Symptomatic ,PAAD-FMF (with criteria) ,Unknown,Unknown,France/Jewish Non Ashkenasi,"Also frequent in Armenians, Turcs and Arabs ",2001-12-11,Publication (PubMed PMID): 9288094,9288758,Pathogenic,Exon,A>G
Exon 10,M694L,p.(Met694Leu),c.2080A>T,substitution,1,A>T,Likely pathogenic,VALIDATED,UNKNOWN,NO,,,Sequencing Sanger ,Symptomatic ,PAAD-FMF (with criteria) ,Unknown,Unknown,Turkey/,,2002-12-20,Lohse P   Personal communication,,Pathogenic,Exon,A>T
Exon 10,M694DEL,p.(Met694del),c.2081_2083del,deletion,3,TGA,Pathogenic,VALIDATED,UNKNOWN,NO,,,Sequencing Sanger ,Symptomatic ,PAAD-FMF (with criteria) ,Unknown,Unknown,United kingdom/,First deletion found in FMF ,2001-12-22,Publication (PubMed PMID): 10024914,,Pathogenic,Exon,
Exon 10,M694K,p.(Met694Lys),c.2081T>A,substitution,1,T>A,Likely pathogenic,VALIDATED,UNKNOWN,NO,,,Sequencing Sanger   Pyrosequencing,Symptomatic ,PAAD-FMF (with criteria) ,Unknown,Unknown,Turkey/,,2012-10-12,Publication (PubMed PMID): 23031807,,Pathogenic,Exon,T>A
Exon 10,M694I,p.(Met694Ile),c.2082G>A,substitution,1,G>A,Pathogenic,VALIDATED,UNKNOWN,NO,,,ARMS DGGE Sequencing Sanger ,Symptomatic ,PAAD-FMF (with criteria) ,Unknown,Unknown,France/Maghrebian,Almost restricted to Maghreb,2001-12-11,Publication (PubMed PMID): 9288094,,Pathogenic,Exon,G>A
Exon 10,K695N,p.(Lys695Asn),c.2085G>C,substitution,1,G>C,Likely pathogenic,PROVISIONAL,UNKNOWN,NO,,,Sequencing Sanger ,Symptomatic ,PAAD-FMF (with criteria) ,Unknown,Unknown,Turkey/Caucasian,,2009-03-30,Berdeli A Tigili D Ozdemir  N Mir S.   Personal communication,,Pathogenic,Exon,G>C
Exon 10,A701A,p.(Ala701=),c.2103G>A,substitution,1,G>A,Likely benign,VALIDATED,UNKNOWN,NO,,,DGGE Sequencing Sanger ,Non symptomatic ,NO,Unknown,Unknown,France/Jewish Non Ashkenasi,,2001-12-24,Touitou I   Personal communication,,Benign,Exon,G>A
Exon 10,S703S,p.(Ser703=),c.2109C>T,substitution,1,C>T,Likely benign,VALIDATED,UNKNOWN,NO,,,Sequencing Sanger ,Unknown,UNKNOWN,Unknown,Unknown,/,,2003-11-19,Aksentijevich  I   Personal communication,,Benign,Exon,C>T
Exon 10,P706P,p.(Pro706=),c.2118G>A,substitution,1,G>A,Likely benign,VALIDATED,UNKNOWN,NO,,,ARMS DGGE Sequencing Sanger ,Non symptomatic ,UNKNOWN,Unknown,Unknown,France/Jewish Non Ashkenasi,,2001-12-24,Touitou I   Personal communication,,Benign,Exon,G>A
Exon 10,L709R,p.(Leu709Arg),c.2126T>G,substitution,1,T>G,Likely pathogenic,VALIDATED,UNKNOWN,UNKNOWN,,,Sequencing Sanger ,Symptomatic ,FMF atypical ,Unknown,Unknown,Turkey/Caucasian,,2008-01-14,Berdeli A   Personal communication,,Pathogenic,Exon,T>G
Exon 10,F721F,p.(Phe721=),c.2163C>T,substitution,1,C>T,Likely benign,VALIDATED,UNKNOWN,NO,,,DGGE RFLP Sequencing Sanger ,Non symptomatic ,NO,Unknown,Unknown,France/Jewish Non Ashkenasi,,2001-12-24,Touitou I   Personal communication,,Benign,Exon,C>T
Exon 10,D723D,p.(Asp723=),c.2169C>T,substitution,1,C>T,Likely benign,VALIDATED,UNKNOWN,NO,,,DGGE Sequencing Sanger ,Non symptomatic ,UNKNOWN,Unknown,Unknown,France/, ,2003-09-08,Publication (PubMed PMID): 14578331,,Benign,Exon,C>T
Exon 10,V726A,p.(Val726Ala),c.2177T>C,substitution,1,T>C,Pathogenic,VALIDATED,UNKNOWN,NO,,,DGGE RFLP Sequencing Sanger ,Symptomatic ,PAAD-FMF (with criteria) ,Unknown,Unknown,Armenia/,"Also frequent in Arabs, Turks and Ashkenazi-Jews",2001-12-11,Publication (PubMed PMID): 9288094,9288758,Pathogenic,Exon,T>C
Exon 10,F743Y,p.(Phe743Tyr),c.2228T>A,substitution,1,T>A,Likely pathogenic,PROVISIONAL,UNKNOWN,NO,,,Sequencing Sanger ,Symptomatic ,PAAD-FMF (with criteria) ,Unknown,Unknown,Turkey/,,2009-12-09,Hakan Berkil   Personal communication,,Pathogenic,Exon,T>A
Exon 10,F743F,p.(Phe743=),c.2229C>T,substitution,1,C>T,Likely benign,VALIDATED,UNKNOWN,NO,,,Sequencing Sanger ,Non symptomatic ,NO,Unknown,Unknown,Turkey/, ,2006-01-23,Lohse P   Personal communication,,Benign,Exon,C>T
Exon 10,A744S,p.(Ala744Ser),c.2230G>T,substitution,1,G>T,Likely benign,VALIDATED,UNKNOWN,NO,,,ARMS DGGE Sequencing Sanger ,Symptomatic ,PAAD-FMF (with criteria) ,Unknown,Unknown,France/Maghrebian,Quite typical of Maghreb,2001-12-24,Publication (PubMed PMID): 9668175,,Benign,Exon,G>T
Exon 10,Q753Q,p.(Gln753=),c.2259A>G,substitution,1,A>G,Likely benign,VALIDATED,UNKNOWN,NO,,,Sequencing Sanger ,Non symptomatic ,NO,Unknown,Unknown,Spain/Caucasian,,2007-03-15,Arostegui JI  Yague J   Personal communication,,Benign,Exon,A>G
Exon 10,R761H,p.(Arg761His),c.2282G>A,substitution,1,G>A,Pathogenic,VALIDATED,UNKNOWN,NO,,,DGGE RFLP Sequencing Sanger ,Symptomatic ,PAAD-FMF (with criteria) ,Unknown,Unknown,Turkey/,,2001-12-24,Publication (PubMed PMID): 9668175,,Pathogenic,Exon,G>A
Exon 10,G764G,p.(Gly764=),c.2292G>T,substitution,1,G>T,Likely benign,VALIDATED,UNKNOWN,NO,,,Sequencing Sanger ,Symptomatic ,PAAD-FMF (with criteria) ,Unknown,Unknown,Tunisia/Germany/African/Caucasian,Splice site prediction with the NetGene2 server strongly indicates that this substitution results in the creation of a new GT splice donor site and in the loss of the carboxylterminal amino acids 764-781 of pyrin  ,2011-09-09,Lohse P  Berendes R   Personal communication,,Benign,Exon,G>T
Exon 10,I772V,p.(Ile772Val),c.2314A>G,substitution,1,A>G,Likely benign,PROVISIONAL,UNKNOWN,NO,,,Sequencing Sanger ,Unknown,Recurrent Fever ,Unknown,Unknown,Italy/,,2006-06-15,Tourtet  S  Dumont  B  Fabre A  Touitou I   Personal communication,,Benign,Exon,A>G
Exon 10,Q778Sfs*4,p.(Gln778Serfs*4),c.2330dupG,duplication,1,G,Likely pathogenic,PROVISIONAL,UNKNOWN,YES,Unknown  ,Frameshift  ,Sequencing Sanger ,Symptomatic ,PAAD-FMF (with criteria) ,Unknown,Unknown,Turkey/Caucasian,,2013-05-08,Publication (PubMed PMID): 24980720,,Pathogenic,Exon,
Exon 10,G779G,p.(Gly779=),c.2337G>C,substitution,1,G>C,Likely benign,VALIDATED,UNKNOWN,NO,,No effect  ,Sequencing Sanger SSCP ,Unknown,UNKNOWN,Unknown,Unknown,Japan/,This mutation was found in a 42-year-old lady who has developed severe abdominal pain with elevated CRP during her menstruation period five   times in the past 8 years.  This symptom was not seen when she was pregnant.  She also has a heterozygous E148Q mutation.   ,2006-01-04,Takabe K   Personal communication,,Benign,Exon,G>C
Exon 10,P780T,p.(Pro780Thr),c.2338C>A,substitution,1,C>A,Likely benign,PROVISIONAL,UNKNOWN,NO,,,Sequencing Sanger ,Symptomatic ,Recurrent Arthritis ,Unknown,Unknown,Spain/, ,2006-01-11,Arostegui JI  Rodriguez M  Canete JD  Yague J   Personal communication,,Benign,Exon,C>A
3UT ,*12T>C,p.?,c.*12T>C,substitution,1,T>C,Likely benign,VALIDATED,UNKNOWN,NO,,,Sequencing Sanger ,Non symptomatic ,NO,Unknown,Unknown,France/Jewish Non Ashkenasi,,2007-12-28,Rittore  C  Touitou  I   Personal communication,,Benign,UTR,T>C
3UT ,*21C>G,p.?,c.*21C>G,substitution,1,C>G,Likely benign,VALIDATED,UNKNOWN,NO,,,Sequencing Sanger ,Symptomatic ,UNKNOWN,Unknown,Unknown,France/Caucasian,,2008-10-23,Serratrice J  Fabre A  Touitou I   Personal communication,,Benign,UTR,C>G
3UT ,c.*133G>A,p.?,c.*133G>A,substitution,1,G>A,Likely benign,VALIDATED,UNKNOWN,NO,,,Sequencing Sanger ,Symptomatic Non symptomatic ,PAAD-FMF (with criteria) ,Unknown,Unknown,Syrian arab republic/Arab,,2016-04-07,Rami A. Jarjour & Bassam Al-Safadi   Personal communication,,Benign,UTR,G>A
3UT ,c.*245G>A,p.?,c.*245G>A,substitution,1,G>A,Likely benign,VALIDATED,UNKNOWN,NO,,,Sequencing Sanger ,Symptomatic Non symptomatic ,PAAD-FMF (with criteria) ,Unknown,Unknown,Syrian arab republic/Arab,,2016-04-07,Rami A. Jarjour & Bassam Al-Safadi   Personal communication,,Benign,UTR,G>A
3UT ,c.*267G>A,p.?,c.*267G>A,substitution,1,G>A,Likely benign,VALIDATED,UNKNOWN,NO,,,Sequencing Sanger ,Symptomatic Non symptomatic ,PAAD-FMF (with criteria) ,Unknown,Unknown,Syrian arab republic/Arab,,2016-04-07,Rami A. Jarjour & Bassam Al-Safadi   Personal communication,,Benign,UTR,G>A
