Exon,Intron,UTR,A>C,A>G,A>T,C>A,C>G,C>T,G>A,G>C,G>T,T>A,T>C,T>G,Label
False,False,True,False,False,False,False,False,False,False,False,False,False,False,False,Pathogenic
True,False,False,False,False,False,False,False,True,False,False,False,False,False,False,Benign
True,False,False,False,False,False,False,False,True,False,False,False,False,False,False,Benign
True,False,False,False,True,False,False,False,False,False,False,False,False,False,False,Benign
True,False,False,False,True,False,False,False,False,False,False,False,False,False,False,Benign
True,False,False,False,False,False,False,False,True,False,False,False,False,False,False,Benign
True,False,False,False,False,False,False,False,False,True,False,False,False,False,False,Benign
True,False,False,False,False,False,False,False,True,False,False,False,False,False,False,Benign
True,False,False,False,False,False,False,False,False,True,False,False,False,False,False,Benign
True,False,False,False,False,False,False,False,False,True,False,False,False,False,False,Benign
True,False,False,False,True,False,False,False,False,False,False,False,False,False,False,Benign
True,False,False,False,False,False,False,False,False,True,False,False,False,False,False,Benign
True,False,False,False,False,False,False,False,True,False,False,False,False,False,False,Pathogenic
True,False,False,False,False,False,False,False,True,False,False,False,False,False,False,Benign
True,False,False,False,False,False,False,False,False,False,False,False,False,True,False,Benign
True,False,False,False,False,False,False,False,False,False,False,False,False,True,False,Benign
True,False,False,False,False,False,False,True,False,False,False,False,False,False,False,Benign
True,False,False,False,False,False,True,False,False,False,False,False,False,False,False,Benign
True,False,False,False,False,False,False,False,False,False,False,False,False,True,False,Benign
True,False,False,False,False,False,False,False,False,True,False,False,False,False,False,Benign
True,False,False,False,False,False,False,False,False,True,False,False,False,False,False,Benign
True,False,False,False,False,False,False,False,False,True,False,False,False,False,False,Benign
True,False,False,False,False,False,True,False,False,False,False,False,False,False,False,Benign
True,False,False,False,False,False,True,False,False,False,False,False,False,False,False,Benign
True,False,False,False,False,False,False,False,True,False,False,False,False,False,False,Benign
True,False,False,False,False,False,False,False,False,True,False,False,False,False,False,Benign
True,False,False,False,False,False,False,False,False,False,False,False,False,False,False,Pathogenic
True,False,False,False,False,False,False,False,False,False,False,False,False,False,False,Pathogenic
True,False,False,False,False,False,False,False,True,False,False,False,False,False,False,Benign
True,False,False,False,False,False,False,False,False,True,False,False,False,False,False,Benign
True,False,False,False,False,False,False,False,False,True,False,False,False,False,False,Benign
True,False,False,False,True,False,False,False,False,False,False,False,False,False,False,Benign
True,False,False,False,True,False,False,False,False,False,False,False,False,False,False,Benign
True,False,False,False,False,False,False,False,False,True,False,False,False,False,False,Benign
True,False,False,False,False,False,False,False,False,False,True,False,False,False,False,Benign
True,False,False,False,False,False,False,False,False,False,False,False,False,True,False,Benign
True,False,False,False,False,False,False,False,False,False,False,True,False,False,False,Benign
True,False,False,False,False,False,True,False,False,False,False,False,False,False,False,Benign
True,False,False,False,False,False,False,False,False,False,True,False,False,False,False,Benign
True,False,False,False,False,False,False,True,False,False,False,False,False,False,False,Benign
True,False,False,False,False,False,True,False,False,False,False,False,False,False,False,Benign
True,False,False,False,False,False,False,False,False,False,True,False,False,False,False,Benign
True,False,False,False,False,False,False,False,False,True,False,False,False,False,False,Benign
True,False,False,False,False,False,False,False,True,False,False,False,False,False,False,Benign
True,False,False,False,False,False,False,False,False,False,False,False,False,True,False,Benign
True,False,False,False,False,False,False,False,False,True,False,False,False,False,False,Benign
True,False,False,False,False,False,False,False,False,False,False,True,False,False,False,Benign
True,False,False,False,False,False,False,False,False,True,False,False,False,False,False,Benign
True,False,False,False,False,False,False,False,False,False,False,False,False,False,False,Pathogenic
True,False,False,False,False,True,False,False,False,False,False,False,False,False,False,Pathogenic
True,False,False,False,False,False,False,False,False,False,True,False,False,False,False,Pathogenic
True,False,False,False,False,False,False,False,True,False,False,False,False,False,False,Benign
True,False,False,False,False,False,False,False,False,True,False,False,False,False,False,Benign
True,False,False,False,False,False,False,False,False,False,True,False,False,False,False,Benign
True,False,False,False,False,False,False,False,True,False,False,False,False,False,False,Benign
True,False,False,False,False,False,False,False,False,False,True,False,False,False,False,Benign
True,False,False,False,False,False,False,False,False,True,False,False,False,False,False,Benign
True,False,False,False,False,False,False,False,False,False,True,False,False,False,False,Benign
True,False,False,False,False,False,False,False,True,False,False,False,False,False,False,Benign
True,False,False,False,False,False,False,False,False,False,False,True,False,False,False,Benign
True,False,False,False,False,True,False,False,False,False,False,False,False,False,False,Benign
True,False,False,False,True,False,False,False,False,False,False,False,False,False,False,Pathogenic
True,False,False,False,False,False,False,False,True,False,False,False,False,False,False,Benign
True,False,False,False,False,False,False,True,False,False,False,False,False,False,False,Pathogenic
True,False,False,False,False,False,True,False,False,False,False,False,False,False,False,Pathogenic
True,False,False,False,False,False,False,False,False,True,False,False,False,False,False,Pathogenic
True,False,False,False,True,False,False,False,False,False,False,False,False,False,False,Benign
True,False,False,False,False,False,False,False,False,False,False,False,False,False,False,Pathogenic
True,False,False,False,True,False,False,False,False,False,False,False,False,False,False,Pathogenic
True,False,False,False,False,False,False,False,True,False,False,False,False,False,False,Benign
True,False,False,False,False,False,False,False,True,False,False,False,False,False,False,Benign
True,False,False,False,False,False,True,False,False,False,False,False,False,False,False,Benign
True,False,False,False,False,False,False,False,False,True,False,False,False,False,False,Benign
False,True,False,False,False,False,False,False,True,False,False,False,False,False,False,Benign
False,True,False,False,False,False,False,False,False,False,False,False,False,True,False,Benign
False,True,False,False,False,False,False,False,False,False,False,False,False,False,True,Benign
False,True,False,False,False,False,False,False,False,True,False,False,False,False,False,Benign
True,False,False,False,True,False,False,False,False,False,False,False,False,False,False,Benign
True,False,False,False,False,False,False,False,True,False,False,False,False,False,False,Benign
True,False,False,False,False,False,False,False,False,True,False,False,False,False,False,Benign
True,False,False,False,False,False,False,False,True,False,False,False,False,False,False,Benign
True,False,False,False,False,False,False,False,False,True,False,False,False,False,False,Benign
True,False,False,False,False,False,False,False,False,False,False,False,False,True,False,Benign
True,False,False,False,False,False,False,False,False,True,False,False,False,False,False,Benign
True,False,False,False,False,False,False,False,False,True,False,False,False,False,False,Benign
True,False,False,False,False,False,False,False,False,False,True,False,False,False,False,Benign
True,False,False,False,False,False,False,False,True,False,False,False,False,False,False,Benign
True,False,False,False,False,False,False,False,True,False,False,False,False,False,False,Benign
True,False,False,False,False,False,False,True,False,False,False,False,False,False,False,Benign
True,False,False,False,False,False,False,False,False,True,False,False,False,False,False,Benign
True,False,False,False,False,False,False,False,True,False,False,False,False,False,False,Benign
True,False,False,False,False,False,False,False,True,False,False,False,False,False,False,Benign
True,False,False,False,False,False,False,False,False,False,False,True,False,False,False,Benign
True,False,False,False,False,False,False,True,False,False,False,False,False,False,False,Benign
True,False,False,False,False,False,False,False,True,False,False,False,False,False,False,Benign
True,False,False,False,False,False,False,False,True,False,False,False,False,False,False,Pathogenic
True,False,False,False,False,False,False,False,False,False,False,False,False,True,False,Benign
True,False,False,False,False,False,False,False,False,True,False,False,False,False,False,Benign
True,False,False,False,False,False,False,False,True,False,False,False,False,False,False,Benign
True,False,False,False,False,False,False,False,False,True,False,False,False,False,False,Pathogenic
True,False,False,False,False,False,False,False,False,True,False,False,False,False,False,Benign
True,False,False,False,False,False,False,False,True,False,False,False,False,False,False,Benign
True,False,False,False,False,False,False,False,False,False,False,True,False,False,False,Pathogenic
False,True,False,False,False,False,False,False,True,False,False,False,False,False,False,Benign
False,True,False,False,False,False,False,False,False,True,False,False,False,False,False,Benign
False,True,False,False,True,False,False,False,False,False,False,False,False,False,False,Benign
False,True,False,False,False,False,False,False,False,False,False,False,False,False,True,Benign
True,False,False,False,False,False,False,True,False,False,False,False,False,False,False,Benign
True,False,False,False,False,False,False,False,False,False,False,False,True,False,False,Benign
False,True,False,False,True,False,False,False,False,False,False,False,False,False,False,Benign
False,True,False,False,False,False,False,False,True,False,False,False,False,False,False,Benign
True,False,False,True,False,False,False,False,False,False,False,False,False,False,False,Benign
True,False,False,False,False,False,False,False,False,True,False,False,False,False,False,Benign
True,False,False,False,False,False,False,False,False,True,False,False,False,False,False,Benign
True,False,False,False,False,False,False,False,False,True,False,False,False,False,False,Benign
True,False,False,False,True,False,False,False,False,False,False,False,False,False,False,Benign
True,False,False,False,False,False,False,False,True,False,False,False,False,False,False,Pathogenic
True,False,False,False,False,False,False,True,False,False,False,False,False,False,False,Pathogenic
True,False,False,False,False,False,False,False,False,False,True,False,False,False,False,Benign
True,False,False,False,False,False,False,False,False,True,False,False,False,False,False,Benign
True,False,False,False,False,False,False,False,False,True,False,False,False,False,False,Benign
True,False,False,False,False,False,False,False,True,False,False,False,False,False,False,Pathogenic
True,False,False,False,False,False,False,False,False,True,False,False,False,False,False,Benign
True,False,False,False,False,False,False,False,True,False,False,False,False,False,False,Benign
True,False,False,False,False,False,False,True,False,False,False,False,False,False,False,Benign
True,False,False,False,True,False,False,False,False,False,False,False,False,False,False,Benign
True,False,False,False,True,False,False,False,False,False,False,False,False,False,False,Benign
True,False,False,False,False,False,False,False,True,False,False,False,False,False,False,Benign
True,False,False,False,False,False,False,False,False,False,False,False,True,False,False,Benign
True,False,False,False,False,False,False,False,False,True,False,False,False,False,False,Benign
True,False,False,False,False,False,False,False,False,False,False,False,False,True,False,Benign
False,True,False,False,False,False,False,False,True,False,False,False,False,False,False,Benign
False,True,False,False,False,False,False,False,False,False,False,True,False,False,False,Benign
False,True,False,False,False,False,False,True,False,False,False,False,False,False,False,Benign
False,True,False,False,False,False,False,False,False,True,False,False,False,False,False,Benign
False,True,False,False,False,False,False,True,False,False,False,False,False,False,False,Benign
False,True,False,False,False,True,False,False,False,False,False,False,False,False,False,Benign
False,True,False,False,False,False,False,False,True,False,False,False,False,False,False,Benign
False,True,False,False,False,False,False,False,False,False,True,False,False,False,False,Pathogenic
False,True,False,False,False,False,False,False,False,False,False,False,False,True,False,Benign
True,False,False,False,False,True,False,False,False,False,False,False,False,False,False,Pathogenic
True,False,False,False,True,False,False,False,False,False,False,False,False,False,False,Pathogenic
True,False,False,False,False,False,True,False,False,False,False,False,False,False,False,Pathogenic
True,False,False,False,False,False,False,True,False,False,False,False,False,False,False,Pathogenic
True,False,False,False,False,False,False,False,True,False,False,False,False,False,False,Pathogenic
True,False,False,True,False,False,False,False,False,False,False,False,False,False,False,Pathogenic
False,True,False,False,False,False,False,False,True,False,False,False,False,False,False,Benign
False,True,False,False,False,False,False,False,False,False,False,False,True,False,False,Benign
False,True,False,False,False,False,False,False,False,False,False,False,True,False,False,Benign
False,True,False,False,False,False,False,False,True,False,False,False,False,False,False,Benign
False,True,False,False,False,False,False,False,False,True,False,False,False,False,False,Benign
True,False,False,False,False,False,False,False,False,True,False,False,False,False,False,Benign
True,False,False,False,False,False,False,False,False,False,False,False,False,True,False,Benign
True,False,False,False,False,False,False,False,True,False,False,False,False,False,False,Benign
False,True,False,False,False,False,False,False,False,True,False,False,False,False,False,Benign
False,True,False,False,False,False,False,False,True,False,False,False,False,False,False,Benign
False,True,False,False,True,False,False,False,False,False,False,False,False,False,False,Benign
True,False,False,False,True,False,False,False,False,False,False,False,False,False,False,Benign
True,False,False,False,False,False,False,False,False,False,False,True,False,False,False,Benign
True,False,False,False,False,False,False,False,True,False,False,False,False,False,False,Benign
True,False,False,False,False,False,False,True,False,False,False,False,False,False,False,Benign
True,False,False,False,False,False,False,False,False,False,False,False,True,False,False,Benign
True,False,False,False,False,False,False,False,False,False,True,False,False,False,False,Benign
True,False,False,False,False,True,False,False,False,False,False,False,False,False,False,Pathogenic
True,False,False,False,False,False,False,False,False,True,False,False,False,False,False,Benign
True,False,False,False,False,False,True,False,False,False,False,False,False,False,False,Benign
True,False,False,False,False,False,False,False,False,False,False,False,False,False,False,Pathogenic
True,False,False,True,False,False,False,False,False,False,False,False,False,False,False,Pathogenic
True,False,False,False,True,False,False,False,False,False,False,False,False,False,False,Pathogenic
True,False,False,False,False,False,False,False,False,False,True,False,False,False,False,Pathogenic
True,False,False,False,False,False,False,False,False,True,False,False,False,False,False,Pathogenic
True,False,False,False,False,False,False,False,False,False,False,True,False,False,False,Pathogenic
True,False,False,False,False,False,False,False,True,False,False,False,False,False,False,Pathogenic
True,False,False,False,False,False,False,False,False,True,False,False,False,False,False,Benign
True,False,False,False,True,False,False,False,False,False,False,False,False,False,False,Pathogenic
True,False,False,False,False,True,False,False,False,False,False,False,False,False,False,Pathogenic
True,False,False,False,False,False,False,False,False,False,False,False,False,False,False,Pathogenic
True,False,False,False,True,False,False,False,False,False,False,False,False,False,False,Pathogenic
True,False,False,False,False,True,False,False,False,False,False,False,False,False,False,Pathogenic
True,False,False,False,False,False,False,False,False,False,False,False,False,False,False,Pathogenic
True,False,False,False,False,False,False,False,False,False,False,False,True,False,False,Pathogenic
True,False,False,False,False,False,False,False,False,True,False,False,False,False,False,Pathogenic
True,False,False,False,False,False,False,False,False,False,True,False,False,False,False,Pathogenic
True,False,False,False,False,False,False,False,False,True,False,False,False,False,False,Benign
True,False,False,False,False,False,False,False,True,False,False,False,False,False,False,Benign
True,False,False,False,False,False,False,False,False,True,False,False,False,False,False,Benign
True,False,False,False,False,False,False,False,False,False,False,False,False,False,True,Pathogenic
True,False,False,False,False,False,False,False,True,False,False,False,False,False,False,Benign
True,False,False,False,False,False,False,False,True,False,False,False,False,False,False,Benign
True,False,False,False,False,False,False,False,False,False,False,False,False,True,False,Pathogenic
True,False,False,False,False,False,False,False,False,False,False,False,True,False,False,Pathogenic
True,False,False,False,False,False,False,False,True,False,False,False,False,False,False,Benign
True,False,False,False,False,False,False,False,False,False,False,True,False,False,False,Benign
True,False,False,False,True,False,False,False,False,False,False,False,False,False,False,Benign
True,False,False,False,False,False,False,False,False,True,False,False,False,False,False,Pathogenic
True,False,False,False,False,False,False,False,False,False,False,True,False,False,False,Benign
True,False,False,False,True,False,False,False,False,False,False,False,False,False,False,Benign
True,False,False,False,False,False,False,False,False,False,False,False,False,False,False,Pathogenic
True,False,False,False,False,False,False,False,False,False,True,False,False,False,False,Benign
True,False,False,False,False,False,True,False,False,False,False,False,False,False,False,Benign
False,False,True,False,False,False,False,False,False,False,False,False,False,True,False,Benign
False,False,True,False,False,False,False,True,False,False,False,False,False,False,False,Benign
False,False,True,False,False,False,False,False,False,True,False,False,False,False,False,Benign
False,False,True,False,False,False,False,False,False,True,False,False,False,False,False,Benign
False,False,True,False,False,False,False,False,False,True,False,False,False,False,False,Benign
