id,(Intercept),conditionControl
d__Bacteria;p__Proteobacteria;c__Gammaproteobacteria;o__Enterobacterales;f__Enterobacteriaceae;g__Escherichia-Shigella,2.128615939451481,5.36772923994311
d__Bacteria;p__Firmicutes;c__Bacilli;o__Lactobacillales;f__Streptococcaceae;g__Streptococcus,6.590650247171316,-3.579529429679165
d__Bacteria;p__Bacteroidota;c__Bacteroidia;o__Bacteroidales;f__Prevotellaceae;g__Prevotella_9,4.1978427925860196,-1.1164871656286268
d__Bacteria;p__Bacteroidota;c__Bacteroidia;o__Bacteroidales;f__Bacteroidaceae;g__Bacteroides,5.285337694704766,-2.5735428248147088
d__Bacteria;p__Firmicutes;c__Clostridia;o__Oscillospirales;f__Ruminococcaceae;g__Subdoligranulum,4.811820188287925,-0.9925301459334375
d__Bacteria;p__Firmicutes;c__Clostridia;o__Oscillospirales;f__[Eubacterium]_coprostanoligenes_group;g__[Eubacterium]_coprostanoligenes_group,2.360408611407953,2.139891763400747
d__Bacteria;p__Firmicutes;c__Clostridia;o__Clostridia_UCG-014;f__Clostridia_UCG-014;g__Clostridia_UCG-014,-0.4214659512416863,4.014307184973036
d__Bacteria;p__Firmicutes;c__Bacilli;o__Lactobacillales;f__Lactobacillaceae;g__Levilactobacillus,1.2352134860705681,-1.001282546726837
d__Bacteria;p__Proteobacteria;c__Gammaproteobacteria;o__Enterobacterales;f__Enterobacteriaceae;__,3.6721360741643183,-0.9608045964365926
d__Bacteria;p__Verrucomicrobiota;c__Verrucomicrobiae;o__Verrucomicrobiales;f__Akkermansiaceae;g__Akkermansia,-0.42146595124168784,1.0125460757880635
d__Bacteria;p__Firmicutes;c__Clostridia;o__Lachnospirales;f__Lachnospiraceae;__,4.877573563804452,-0.41796033846192204
d__Bacteria;p__Firmicutes;c__Clostridia;o__Peptostreptococcales-Tissierellales;f__Peptostreptococcaceae;g__Romboutsia,2.6184364915382687,-0.029496332533126945
d__Bacteria;p__Bacteroidota;c__Bacteroidia;o__Bacteroidales;f__Tannerellaceae;g__Parabacteroides,3.6835281594607885,-1.5312914398366315
d__Bacteria;p__Actinobacteriota;c__Coriobacteriia;o__Coriobacteriales;f__Coriobacteriaceae;g__Collinsella,2.105243167888852,1.8688393896339528
d__Bacteria;p__Firmicutes;c__Clostridia;o__Oscillospirales;f__Ruminococcaceae;g__CAG-352,0.9258019812124376,0.21441986806325047
d__Bacteria;p__Firmicutes;c__Bacilli;o__Lactobacillales;f__Enterococcaceae;g__Enterococcus,4.287544381239348,-3.1295485515427277
d__Bacteria;p__Firmicutes;c__Clostridia;o__Oscillospirales;f__Ruminococcaceae;g__Faecalibacterium,3.031748308882989,-0.36890466577574227
d__Bacteria;p__Firmicutes;c__Clostridia;o__Oscillospirales;f__Oscillospiraceae;g__NK4A214_group,1.6834842601102091,0.1327778564845326
d__Bacteria;p__Firmicutes;c__Clostridia;o__Lachnospirales;f__Lachnospiraceae;g__Dorea,3.2595428517001546,0.13438369442821302
d__Bacteria;p__Firmicutes;c__Clostridia;o__Lachnospirales;f__Lachnospiraceae;g__Lachnospiraceae_NK3A20_group,-0.4214659512416877,0.915215102805869
d__Bacteria;p__Firmicutes;c__Clostridia;o__Lachnospirales;f__Lachnospiraceae;g__Lachnospiraceae_UCG-010,1.770560933677263,-0.6075603872580192
d__Bacteria;p__Actinobacteriota;c__Actinobacteria;o__Bifidobacteriales;f__Bifidobacteriaceae;g__Bifidobacterium,0.960891320636168,2.7234357207277338
d__Bacteria;p__Actinobacteriota;c__Coriobacteriia;o__Coriobacteriales;f__Eggerthellaceae;g__Slackia,0.5069270654343895,1.356562980140806
d__Bacteria;p__Firmicutes;c__Bacilli;o__Erysipelotrichales;f__Erysipelotrichaceae;g__Solobacterium,2.012301273986105,0.3910447623373778
d__Archaea;p__Euryarchaeota;c__Methanobacteria;o__Methanobacteriales;f__Methanobacteriaceae;g__Methanobrevibacter,0.7006931411913482,-0.5502637378791219
d__Bacteria;p__Firmicutes;c__Clostridia;o__Lachnospirales;f__Lachnospiraceae;g__Blautia,4.512352766755078,-0.5133062877266906
d__Bacteria;p__Firmicutes;c__Clostridia;o__Oscillospirales;f__Ruminococcaceae;g__uncultured,1.3338050398305972,1.2386457409794163
d__Bacteria;p__Proteobacteria;c__Gammaproteobacteria;o__Enterobacterales;f__Enterobacteriaceae;g__Klebsiella,0.8011213308137499,-1.6658026801381285
d__Bacteria;p__Firmicutes;c__Bacilli;o__Lactobacillales;f__Streptococcaceae;g__Lactococcus,2.0300578503901807,-0.14273114725022418
d__Bacteria;p__Firmicutes;c__Clostridia;o__Peptostreptococcales-Tissierellales;f__Anaerovoracaceae;g__Family_XIII_AD3011_group,2.065170809257456,1.3197608226238966
d__Bacteria;p__Firmicutes;c__Clostridia;o__Oscillospirales;f__Ruminococcaceae;g__Ruminococcus,1.5802925518066637,2.1452403993216853
d__Bacteria;p__Actinobacteriota;c__Coriobacteriia;o__Coriobacteriales;f__Eggerthellaceae;g__Senegalimassilia,0.7372162958157205,1.7947417711233544
d__Bacteria;p__Firmicutes;c__Bacilli;o__Staphylococcales;f__Gemellaceae;g__Gemella,1.4854201463804377,-0.13469309628315984
d__Bacteria;p__Firmicutes;c__Clostridia;o__Lachnospirales;f__Lachnospiraceae;g__Agathobacter,2.4755422831225697,-1.795219469033806
d__Bacteria;p__Bacteroidota;c__Bacteroidia;o__Bacteroidales;f__Rikenellaceae;g__Rikenellaceae_RC9_gut_group,0.640657859270652,-0.11516880084114856
d__Bacteria;p__Proteobacteria;c__Alphaproteobacteria;o__Rickettsiales;f__Mitochondria;g__Mitochondria,3.726248416981056,-2.609369385512694
d__Bacteria;p__Proteobacteria;c__Gammaproteobacteria;o__Enterobacterales;f__Enterobacteriaceae;g__Raoultella,1.3838103233039354,-0.26666058255086544
d__Bacteria;p__Actinobacteriota;c__Coriobacteriia;o__Coriobacteriales;f__Atopobiaceae;g__Coriobacteriaceae_UCG-003,-0.4214659512416877,0.7004623465431545
d__Bacteria;p__Bacteroidota;c__Bacteroidia;o__Bacteroidales;f__Prevotellaceae;g__Alloprevotella,0.5936448013949176,1.7207721347158824
d__Bacteria;p__Firmicutes;c__Bacilli;o__Lactobacillales;f__Lactobacillaceae;g__Lactiplantibacillus,0.886311202971958,-1.750992552296336
d__Bacteria;p__Firmicutes;c__Clostridia;o__Lachnospirales;f__Lachnospiraceae;g__[Ruminococcus]_torques_group,2.62050989361148,-1.3574980870325295
d__Bacteria;p__Cyanobacteria;c__Vampirivibrionia;o__Gastranaerophilales;f__Gastranaerophilales;g__Gastranaerophilales,-0.4214659512416875,1.7751516157507161
d__Bacteria;p__Actinobacteriota;c__Actinobacteria;o__Actinomycetales;f__Actinomycetaceae;g__Actinomyces,3.7050257714246717,-1.345206724665331
d__Bacteria;p__Firmicutes;c__Clostridia;o__Lachnospirales;f__Lachnospiraceae;g__Lachnospira,1.9506785451583026,-0.2578825311567218
d__Bacteria;p__Firmicutes;c__Clostridia;o__Oscillospirales;f__UCG-010;g__UCG-010,1.0629181000289192,0.9583418006770017
d__Bacteria;p__Actinobacteriota;c__Actinobacteria;o__Micrococcales;f__Micrococcaceae;g__Rothia,2.686917763255412,-0.4362140864062318
d__Bacteria;p__Actinobacteriota;c__Actinobacteria;o__Corynebacteriales;f__Corynebacteriaceae;g__Corynebacterium,2.2926580155946734,-0.9176400283839833
d__Bacteria;p__Firmicutes;c__Clostridia;o__Oscillospirales;f__Oscillospiraceae;g__UCG-002,2.3853244366768998,0.7579462624221571
d__Bacteria;p__Bacteroidota;c__Bacteroidia;o__Bacteroidales;f__Barnesiellaceae;g__Barnesiella,1.7858406374412732,-0.8037494278514634
d__Bacteria;p__Firmicutes;c__Clostridia;o__Peptococcales;f__Peptococcaceae;g__uncultured,0.12784019309236716,1.3502741818565065
d__Bacteria;p__Firmicutes;c__Negativicutes;o__Veillonellales-Selenomonadales;f__Selenomonadaceae;g__Mitsuokella,-0.42146595124168784,2.5027516552717373
d__Bacteria;p__Firmicutes;c__Bacilli;o__RF39;f__RF39;g__RF39,-0.42146595124168723,2.8314656418669575
d__Bacteria;p__Firmicutes;c__Clostridia;o__Lachnospirales;f__Lachnospiraceae;g__[Eubacterium]_hallii_group,1.375448339787051,0.6289097460830733
d__Bacteria;p__Firmicutes;c__Bacilli;o__Erysipelotrichales;f__Erysipelatoclostridiaceae;g__Erysipelotrichaceae_UCG-003,0.5410709491858264,-0.5169152831378517
d__Bacteria;p__Firmicutes;c__Clostridia;o__Oscillospirales;f__Oscillospiraceae;g__UCG-005,1.7245600229330271,0.7170066690648518
d__Bacteria;p__Patescibacteria;c__Saccharimonadia;o__Saccharimonadales;f__Saccharimonadaceae;g__Saccharimonadaceae,1.3910154329378095,0.14192513576282612
d__Bacteria;p__Proteobacteria;c__Gammaproteobacteria;o__Burkholderiales;f__Sutterellaceae;g__Sutterella,0.3396646581891678,1.7359126830619995
d__Bacteria;p__Firmicutes;c__Clostridia;o__Christensenellales;f__Christensenellaceae;g__Christensenellaceae_R-7_group,0.6334109750523389,0.9461335257299508
d__Bacteria;p__Bacteroidota;c__Bacteroidia;o__Bacteroidales;f__Prevotellaceae;g__Prevotella,0.8295206252446774,-0.5236691677880019
d__Bacteria;p__Actinobacteriota;c__Coriobacteriia;o__Coriobacteriales;f__Atopobiaceae;g__Olsenella,1.293175307456154,0.6427905187078773
d__Bacteria;p__Firmicutes;c__Clostridia;o__Peptostreptococcales-Tissierellales;f__Peptostreptococcaceae;g__Intestinibacter,0.48793058868990846,-0.26024997489753177
d__Bacteria;p__Actinobacteriota;c__Coriobacteriia;o__Coriobacteriales;f__Atopobiaceae;g__Libanicoccus,-0.4214659512416875,2.6928668529035313
d__Bacteria;p__Firmicutes;c__Bacilli;o__Erysipelotrichales;f__Erysipelatoclostridiaceae;g__Erysipelatoclostridium,2.241314778353348,-3.1059961276777264
d__Bacteria;p__Firmicutes;c__Clostridia;o__Monoglobales;f__Monoglobaceae;g__Monoglobus,1.595634788400737,0.7274797990905619
d__Bacteria;p__Firmicutes;c__Clostridia;o__Clostridia_vadinBB60_group;f__Clostridia_vadinBB60_group;g__Clostridia_vadinBB60_group,0.5663449784036694,1.0361200474036676
d__Bacteria;p__Firmicutes;c__Clostridia;o__Lachnospirales;f__Lachnospiraceae;g__Coprococcus,3.7044633414911674,-2.6560082676420653
d__Bacteria;p__Firmicutes;c__Clostridia;o__Peptostreptococcales-Tissierellales;f__Family_XI;g__Peptoniphilus,0.8767732614808643,0.16989481405191548
d__Bacteria;p__Firmicutes;c__Bacilli;o__Staphylococcales;f__Staphylococcaceae;g__Staphylococcus,1.9377037523050393,-1.8145741719840607
d__Bacteria;p__Firmicutes;c__Bacilli;o__Erysipelotrichales;f__Erysipelotrichaceae;g__Holdemanella,2.094935649261453,-1.8264671252975175
d__Bacteria;p__Firmicutes;c__Clostridia;o__Lachnospirales;f__Lachnospiraceae;g__Anaerostipes,1.5412547149607745,1.5235985721929735
d__Bacteria;p__Cyanobacteria;c__Cyanobacteriia;o__Chloroplast;f__Chloroplast;g__Chloroplast,1.8323586114515236,-0.3590799772134319
d__Bacteria;p__Firmicutes;c__Bacilli;o__Lactobacillales;f__Lactobacillaceae;g__Weissella,2.398971484248001,-3.2636528335723796
d__Bacteria;p__Bacteroidota;c__Bacteroidia;o__Bacteroidales;f__Prevotellaceae;g__Paraprevotella,0.6334109750523389,0.6581054761268461
d__Bacteria;p__Firmicutes;c__Negativicutes;o__Acidaminococcales;f__Acidaminococcaceae;g__Acidaminococcus,-0.4214659512416877,0.6116615282113356
d__Bacteria;p__Firmicutes;c__Clostridia;o__Clostridiales;f__Clostridiaceae;g__Clostridium_sensu_stricto_1,1.5975074563330256,0.2549533064875245
d__Bacteria;p__Bacteroidota;c__Bacteroidia;o__Bacteroidales;f__Prevotellaceae;g__uncultured,0.8942065959845331,0.5898601907181928
d__Bacteria;p__Proteobacteria;c__Gammaproteobacteria;o__Enterobacterales;f__Pasteurellaceae;g__Haemophilus,1.2832650650771926,-1.1005327288949651
d__Bacteria;p__Bacteroidota;c__Bacteroidia;o__Bacteroidales;f__Marinifilaceae;g__Odoribacter,1.4767516207195164,-1.546919512456909
d__Bacteria;p__Firmicutes;c__Bacilli;o__Lactobacillales;f__Lactobacillaceae;g__Leuconostoc,1.744073789174917,-0.9326515497582689
d__Bacteria;p__Firmicutes;c__Clostridia;o__Oscillospirales;f__Oscillospiraceae;__,1.7705609336772625,-0.5584391263445645
d__Bacteria;p__Firmicutes;c__Clostridia;o__Lachnospirales;f__Lachnospiraceae;g__Fusicatenibacter,2.4454402251933276,-1.6491741412307885
d__Bacteria;p__Firmicutes;c__Clostridia;o__Lachnospirales;f__Lachnospiraceae;g__Howardella,1.1007952676200228,0.8142124622065767
d__Bacteria;p__Firmicutes;c__Clostridia;__;__;__,1.13218607336386,0.4330387794925971
d__Bacteria;p__Bacteroidota;c__Bacteroidia;o__Bacteroidales;f__Prevotellaceae;g__Prevotella_7,1.711997456835648,-0.2807567209153382
d__Bacteria;p__Firmicutes;c__Clostridia;o__Oscillospirales;f__Ruminococcaceae;g__Fournierella,0.4024932652593942,-0.23539101832249987
d__Bacteria;p__Patescibacteria;c__Saccharimonadia;o__Saccharimonadales;f__Saccharimonadaceae;g__TM7x,3.4817257716864853,-2.3237299419898654
d__Bacteria;p__Firmicutes;c__Clostridia;o__Oscillospirales;f__Ruminococcaceae;g__Incertae_Sedis,2.458131674858632,-2.550052410843433
d__Bacteria;p__Firmicutes;c__Clostridia;o__Lachnospirales;f__Lachnospiraceae;g__CAG-56,0.6021201893138368,-1.4668015386382158
d__Bacteria;p__Actinobacteriota;c__Coriobacteriia;o__Coriobacteriales;f__Eggerthellaceae;g__Enterorhabdus,2.115495173820695,-0.6826165980777792
d__Bacteria;p__Firmicutes;c__Bacilli;o__Lactobacillales;f__Lactobacillaceae;g__Lentilactobacillus,-0.4214659512416878,0.576168962893739
d__Bacteria;p__Actinobacteriota;c__Coriobacteriia;o__Coriobacteriales;f__Eggerthellaceae;g__uncultured,0.2197713881236959,-0.06934198481147014
d__Bacteria;p__Firmicutes;c__Bacilli;o__Lactobacillales;f__Lactobacillaceae;g__Lacticaseibacillus,1.500762382974511,-1.350332979662285
d__Bacteria;p__Firmicutes;c__Clostridia;o__Oscillospirales;f__Butyricicoccaceae;g__Butyricicoccus,1.9979942665092614,-0.5556551024705557
d__Bacteria;p__Desulfobacterota;c__Desulfovibrionia;o__Desulfovibrionales;f__Desulfovibrionaceae;g__Desulfovibrio,-0.4214659512416877,1.01106239190811
d__Bacteria;p__Firmicutes;c__Bacilli;o__Erysipelotrichales;f__Erysipelotrichaceae;g__Turicibacter,-0.4214659512416877,2.336355000790721
d__Bacteria;p__Firmicutes;c__Negativicutes;o__Veillonellales-Selenomonadales;f__Veillonellaceae;g__Megasphaera,-0.4214659512416875,2.624901805709773
d__Bacteria;p__Firmicutes;c__Bacilli;o__Lactobacillales;f__Lactobacillaceae;__,1.0956404458193398,-1.9603217951437186
d__Bacteria;p__Bacteroidota;c__Bacteroidia;o__Bacteroidales;f__Rikenellaceae;g__Alistipes,3.280964516375625,-2.051393075495911
d__Bacteria;p__Firmicutes;c__Bacilli;o__Lactobacillales;f__Lactobacillaceae;g__Ligilactobacillus,0.5129514533291543,-0.17458671381042873
d__Bacteria;p__Firmicutes;c__Clostridia;o__Oscillospirales;f__Butyricicoccaceae;g__UCG-009,0.7196210966252714,-0.5870564343085817
d__Bacteria;p__Actinobacteriota;c__Actinobacteria;o__Bifidobacteriales;f__Bifidobacteriaceae;g__Scardovia,0.571107027146343,-1.4357883764707218
d__Bacteria;p__Firmicutes;c__Negativicutes;o__Veillonellales-Selenomonadales;f__Veillonellaceae;g__Dialister,1.496374279555973,1.686806920244732
d__Bacteria;p__Firmicutes;c__Clostridia;o__Oscillospirales;f__Oscillospiraceae;g__Flavonifractor,1.4599440425186951,-2.3246253918430737
d__Bacteria;p__Actinobacteriota;c__Coriobacteriia;o__Coriobacteriales;f__Atopobiaceae;g__uncultured,-0.4214659512416877,1.9131878591447646
d__Bacteria;p__Firmicutes;c__Clostridia;o__Oscillospirales;f__Oscillospiraceae;g__Intestinimonas,0.4370308498795995,0.2401669235181076
d__Bacteria;p__Actinobacteriota;c__Coriobacteriia;o__Coriobacteriales;f__uncultured;g__uncultured,0.5410709491858278,0.2465850122816386
d__Bacteria;p__Firmicutes;c__Clostridia;o__Lachnospirales;f__Lachnospiraceae;g__GCA-900066575,0.5663449784036697,-1.4310263277280484
d__Bacteria;p__Bacteroidota;c__Bacteroidia;o__Bacteroidales;f__Marinifilaceae;g__Butyricimonas,2.5736217420586023,-3.4383030913829815
d__Bacteria;p__Proteobacteria;c__Alphaproteobacteria;o__Rhodospirillales;f__uncultured;g__uncultured,-0.42146595124168723,1.8350216084091915
d__Bacteria;p__Firmicutes;c__Clostridia;o__Oscillospirales;f__Oscillospiraceae;g__Colidextribacter,1.5315274061638173,-0.8885374404228805
d__Bacteria;p__Firmicutes;c__Negativicutes;o__Veillonellales-Selenomonadales;f__Veillonellaceae;g__Veillonella,1.2791327395893892,-0.18304808474075462
d__Bacteria;p__Firmicutes;c__Clostridia;o__Christensenellales;f__Christensenellaceae;g__uncultured,0.5848719714420996,0.480118053033138
d__Bacteria;p__Firmicutes;c__Bacilli;o__Erysipelotrichales;f__Erysipelotrichaceae;g__Dielma,0.6921208728216888,-1.5568022221460678
d__Bacteria;p__Firmicutes;c__Bacilli;o__Erysipelotrichales;f__Erysipelotrichaceae;g__Holdemania,1.009430324246407,-1.1809644930108403
d__Bacteria;p__Firmicutes;c__Bacilli;o__Lactobacillales;f__Lactobacillaceae;g__HT002,0.6370606749076269,-0.518785616050924
d__Bacteria;p__Firmicutes;c__Clostridia;o__Lachnospirales;f__Lachnospiraceae;g__Lachnoclostridium,1.1827171193863932,-0.9925215424167455
d__Bacteria;p__Firmicutes;c__Clostridia;o__Lachnospirales;f__Lachnospiraceae;g__[Eubacterium]_xylanophilum_group,0.6062525148016404,0.22883010138867993
d__Bacteria;p__Actinobacteriota;c__Coriobacteriia;o__Coriobacteriales;f__Eggerthellaceae;g__Gordonibacter,0.6062525148016398,-1.4709338641260186
d__Bacteria;p__Patescibacteria;c__Saccharimonadia;o__Saccharimonadales;f__Saccharimonadales;g__Saccharimonadales,1.4787596636438327,-0.050047851022219314
d__Bacteria;p__Actinobacteriota;c__Coriobacteriia;o__Coriobacteriales;f__Atopobiaceae;g__Atopobium,1.1167172224343378,-0.3621554810362959
d__Bacteria;p__Firmicutes;c__Clostridia;o__Lachnospirales;f__Lachnospiraceae;g__Oribacterium,-0.4214659512416876,0.5965053727572267
d__Bacteria;p__Firmicutes;c__Bacilli;o__Lactobacillales;f__Lactobacillaceae;g__Pediococcus,-0.4214659512416878,0.544595531562666
d__Bacteria;p__Firmicutes;c__Clostridia;o__Christensenellales;f__Christensenellaceae;g__Christensenellaceae,0.5514891232859694,-0.7949438101633483
d__Bacteria;p__Firmicutes;c__Clostridia;o__Lachnospirales;f__Lachnospiraceae;g__[Eubacterium]_ventriosum_group,0.5514891232859686,-0.7564061402065325
d__Bacteria;p__Firmicutes;c__Clostridia;o__Oscillospirales;f__Ruminococcaceae;g__UBA1819,2.367846554099457,-3.232527903423835
d__Bacteria;p__Bacteroidota;c__Bacteroidia;o__Bacteroidales;f__Tannerellaceae;g__Tannerellaceae,-0.42146595124168784,0.5297396764449658
d__Bacteria;p__Firmicutes;c__Clostridia;o__Peptostreptococcales-Tissierellales;f__Anaerovoracaceae;g__[Eubacterium]_brachy_group,0.5356943978805857,-1.0538021569249918
d__Bacteria;p__Firmicutes;c__Clostridia;o__Lachnospirales;f__Lachnospiraceae;g__Lachnospiraceae_ND3007_group,0.5007539122867963,1.5804936558267724
d__Bacteria;p__Actinobacteriota;c__Coriobacteriia;o__Coriobacteriales;f__Coriobacteriales_Incertae_Sedis;g__uncultured,0.5188340776817023,2.055552067473919
d__Bacteria;p__Firmicutes;c__Bacilli;o__Lactobacillales;f__Lactobacillaceae;g__Paucilactobacillus,0.5188340776817029,-1.3835154270060817
d__Bacteria;p__Firmicutes;c__Clostridia;o__Christensenellales;f__Christensenellaceae;g__Christensenella,0.647700578512326,-1.5123819278367046
d__Bacteria;p__Verrucomicrobiota;c__Lentisphaeria;o__Victivallales;f__vadinBE97;g__vadinBE97,-0.4214659512416877,1.0738909989783365
d__Bacteria;p__Firmicutes;c__Bacilli;o__Erysipelotrichales;f__Erysipelatoclostridiaceae;g__UCG-004,-0.4214659512416874,1.4261856627167058
d__Bacteria;p__Bacteroidota;c__Bacteroidia;o__Bacteroidales;f__Prevotellaceae;g__Prevotellaceae_UCG-003,-0.42146595124168784,0.4790044654457933
d__Bacteria;p__Firmicutes;c__Negativicutes;o__Veillonellales-Selenomonadales;f__Selenomonadaceae;g__uncultured,-0.42146595124168784,0.4790044654457933
d__Bacteria;p__Bacteroidota;c__Bacteroidia;o__Bacteroidales;f__Porphyromonadaceae;g__Porphyromonas,-0.0748923609617152,0.15051104056072712
d__Bacteria;p__Firmicutes;c__Clostridia;o__Oscillospirales;f__Ruminococcaceae;__,1.707231625458294,-1.8107823653518171
d__Bacteria;p__Actinobacteriota;c__Coriobacteriia;o__Coriobacteriales;f__Coriobacteriales_Incertae_Sedis;g__Raoultibacter,0.6103176450195853,-0.7979864440684119
d__Bacteria;p__Firmicutes;c__Clostridia;o__Lachnospirales;f__Lachnospiraceae;g__Lachnospiraceae_UCG-004,0.48793058868990846,-0.5687383840319999
d__Bacteria;p__Firmicutes;c__Clostridia;o__Oscillospirales;f__Oscillospiraceae;g__uncultured,0.48793058868990824,-1.352611938014287
d__Bacteria;p__Firmicutes;c__Negativicutes;o__Veillonellales-Selenomonadales;f__Veillonellaceae;g__Negativicoccus,-0.421465951241688,1.1593283224088513
d__Bacteria;p__Firmicutes;c__Clostridia;o__Lachnospirales;f__Defluviitaleaceae;g__Defluviitaleaceae_UCG-011,0.48126352691936813,-0.6861805438399327
d__Bacteria;p__Firmicutes;c__Clostridia;o__Oscillospirales;f__Oscillospiraceae;g__UCG-003,1.529494874643005,-1.6330456145365277
d__Bacteria;p__Bacteroidota;c__Bacteroidia;o__Bacteroidales;f__Muribaculaceae;g__Muribaculaceae,0.5848719714420991,1.1163919147329147
d__Bacteria;p__Actinobacteriota;c__Actinobacteria;o__Actinomycetales;f__Actinomycetaceae;g__F0332,-0.42146595124168784,0.4595140800783653
d__Bacteria;p__Firmicutes;c__Clostridia;o__Clostridiales;f__Clostridiaceae;g__Sarcina,0.48793058868990824,-1.352611938014287
d__Bacteria;p__Bacteroidota;c__Bacteroidia;o__Bacteroidales;f__Prevotellaceae;g__Prevotellaceae_NK3B31_group,-0.4214659512416878,0.5675474188759466
d__Bacteria;p__Firmicutes;c__Clostridia;o__Oscillospirales;__;__,0.46737106413066576,-0.6094594739810035
d__Bacteria;p__Firmicutes;c__Clostridia;o__Lachnospirales;f__Lachnospiraceae;g__[Ruminococcus]_gnavus_group,0.4673710641306651,-1.3320524134550438
d__Bacteria;p__Actinobacteriota;c__Coriobacteriia;o__Coriobacteriales;f__Coriobacteriaceae;g__Enorma,0.7443938222863287,-1.6090751716107075
d__Bacteria;p__Verrucomicrobiota;c__Chlamydiae;o__Chlamydiales;f__Chlamydiaceae;g__Candidatus_Amphibiichlamydia,0.4673710641306653,-1.332052413455044
d__Bacteria;p__Proteobacteria;c__Gammaproteobacteria;o__Burkholderiales;f__Oxalobacteraceae;g__Oxalobacter,-0.4214659512416879,0.4456216172896626
d__Bacteria;p__Firmicutes;c__Bacilli;o__Lactobacillales;f__Lactobacillaceae;g__Lactobacillus,1.4356173473060134,-1.7509925522963379
d__Bacteria;p__Firmicutes;c__Clostridia;o__Lachnospirales;f__Lachnospiraceae;g__[Eubacterium]_eligens_group,0.35129466209789073,-0.3343858802682293
d__Bacteria;p__Firmicutes;c__Clostridia;o__Oscillospirales;f__Oscillospiraceae;g__Oscillibacter,1.7894378218042994,-1.9180094263370682
d__Bacteria;p__Firmicutes;c__Bacilli;o__Lactobacillales;f__Aerococcaceae;g__Abiotrophia,0.6545503220593543,-1.5192316713837333
d__Bacteria;p__Actinobacteriota;c__Coriobacteriia;o__Coriobacteriales;f__Eggerthellaceae;g__Eggerthella,0.6950110784219579,-1.5596924277463369
d__Bacteria;p__Firmicutes;c__Bacilli;o__Erysipelotrichales;f__Erysipelatoclostridiaceae;g__Catenibacterium,-0.4214659512416874,1.4295565003010273
d__Bacteria;p__Firmicutes;c__Bacilli;o__Izemoplasmatales;f__Izemoplasmatales;g__Izemoplasmatales,-0.42146595124168784,1.0147552212381885
d__Bacteria;p__Firmicutes;c__Clostridia;o__Christensenellales;f__Christensenellaceae;__,0.39305818326368314,0.745844401736794
d__Bacteria;p__Firmicutes;c__Clostridia;o__Christensenellales;f__Christensenellaceae;g__Catabacter,-0.42146595124168784,0.4152814030385957
d__Bacteria;p__Firmicutes;c__Clostridia;o__Peptostreptococcales-Tissierellales;f__Family_XI;g__Fenollaria,-0.4214659512416875,1.8998994072804634
d__Bacteria;p__Firmicutes;c__Clostridia;o__Peptococcales;f__Peptococcaceae;g__Peptococcus,0.4203580062549317,-1.28503935557931
d__Archaea;p__Euryarchaeota;c__Methanobacteria;o__Methanobacteriales;f__Methanobacteriaceae;g__Methanosphaera,0.4203580062549317,-1.28503935557931
d__Bacteria;p__Firmicutes;c__Clostridia;o__Peptostreptococcales-Tissierellales;f__Family_XI;g__Parvimonas,-0.4214659512416877,0.3986085594139274
d__Bacteria;p__Desulfobacterota;c__Desulfovibrionia;o__Desulfovibrionales;f__Desulfovibrionaceae;g__Bilophila,-0.4214659512416877,1.52632343604314
d__Bacteria;p__Bacteroidota;c__Bacteroidia;o__Bacteroidales;f__uncultured;g__uncultured,0.5663449784036697,-1.4310263277280484
d__Bacteria;p__Firmicutes;c__Clostridia;o__Peptostreptococcales-Tissierellales;f__Anaerovoracaceae;__,0.4024932652593948,-0.607410282179959
d__Bacteria;p__Firmicutes;c__Clostridia;o__Oscillospirales;f__Ruminococcaceae;g__Phocea,0.4024932652593942,-1.267174614583773
d__Bacteria;p__Firmicutes;c__Clostridia;o__Lachnospirales;f__Lachnospiraceae;g__Roseburia,1.6947457265193193,-2.559427075843698
d__Bacteria;p__Actinobacteriota;c__Actinobacteria;o__Bifidobacteriales;f__Bifidobacteriaceae;g__Parascardovia,0.7954176613722079,-1.6600990106965865
d__Bacteria;p__Firmicutes;c__Bacilli;o__Erysipelotrichales;f__Erysipelotrichaceae;g__Catenisphaera,0.5356943978805865,-1.4003757472049652
d__Bacteria;p__Firmicutes;c__Clostridia;o__Oscillospirales;f__Ruminococcaceae;g__Negativibacillus,1.2075823177690532,-2.072263667093432
d__Bacteria;p__Actinobacteriota;c__Coriobacteriia;o__Coriobacteriales;f__Eggerthellaceae;g__Adlercreutzia,0.647700578512326,-1.5123819278367046
d__Bacteria;p__Actinobacteriota;c__Coriobacteriia;o__Coriobacteriales;f__Coriobacteriales_Incertae_Sedis;g__Phoenicibacter,0.7443938222863296,-1.6090751716107083
d__Bacteria;p__Firmicutes;c__Clostridia;o__Lachnospirales;f__Lachnospiraceae;g__Hungatella,0.3832530049753621,-1.2479343542997408
d__Bacteria;p__Firmicutes;c__Clostridia;o__Lachnospirales;f__Lachnospiraceae;g__[Ruminococcus]_gauvreauii_group,0.3832530049753621,-0.5547871737397956
d__Bacteria;p__Bacteroidota;c__Bacteroidia;o__Bacteroidales;f__Prevotellaceae;g__Prevotellaceae_UCG-001,-0.4214659512416878,0.4383747330713494
d__Bacteria;p__Firmicutes;c__Clostridia;o__Lachnospirales;f__Lachnospiraceae;g__Tyzzerella,0.23829838116212643,-0.29826077426945513
d__Bacteria;p__Bacteroidota;c__Bacteroidia;o__Bacteroidales;f__Rikenellaceae;g__dgA-11_gut_group,0.7089811930205729,-1.5736625423449513
d__Bacteria;p__Firmicutes;c__Bacilli;o__Lactobacillales;f__Lactobacillaceae;g__Latilactobacillus,0.5614904569393934,-1.426171806263772
d__Bacteria;p__Proteobacteria;c__Gammaproteobacteria;o__Burkholderiales;f__Sutterellaceae;g__Parasutterella,0.5979184097347419,-1.4625997590591207
d__Bacteria;p__Firmicutes;c__Bacilli;o__Erysipelotrichales;f__Erysipelatoclostridiaceae;g__Asteroleplasma,-0.4214659512416878,0.3295452152568881
d__Bacteria;p__Proteobacteria;c__Gammaproteobacteria;o__Enterobacterales;f__Enterobacteriaceae;g__Pseudocitrobacter,0.6862382484691405,-1.5509195977935195
d__Bacteria;p__Firmicutes;c__Negativicutes;o__Acidaminococcales;f__Acidaminococcaceae;g__Succiniclasticum,-0.42146595124168784,0.31791521134816486
d__Bacteria;p__Firmicutes;c__Bacilli;o__Lactobacillales;f__Lactobacillaceae;g__Limosilactobacillus,2.0112636205545256,-2.1533520304048626
d__Bacteria;p__Actinobacteriota;c__Actinobacteria;o__Corynebacteriales;f__Corynebacteriaceae;g__Lawsonella,0.8345041789698808,-1.6991855282942598
d__Bacteria;p__Firmicutes;c__Clostridia;o__Peptostreptococcales-Tissierellales;f__Family_XI;g__Anaerococcus,0.3146437935499222,-0.44321539808269084
d__Bacteria;p__Firmicutes;c__Clostridia;o__Peptostreptococcales-Tissierellales;f__Family_XI;g__Finegoldia,0.3146437935499221,-0.6036788696257894
d__Bacteria;p__Firmicutes;c__Bacilli;o__Erysipelotrichales;f__Erysipelotrichaceae;g__Erysipelotrichaceae_UCG-006,-0.4214659512416878,0.4383747330713494
d__Bacteria;p__Firmicutes;c__Negativicutes;o__Acidaminococcales;f__Acidaminococcaceae;g__Phascolarctobacterium,-0.4214659512416876,0.29289434670891884
d__Bacteria;p__Firmicutes;c__Negativicutes;o__Veillonellales-Selenomonadales;f__Veillonellaceae;g__Allisonella,-0.42146595124168784,0.27937754139135024
d__Bacteria;p__Patescibacteria;c__Saccharimonadia;o__Saccharimonadales;f__Saccharimonadaceae;g__Candidatus_Saccharimonas,0.9638499350479188,-1.8285312843722976
d__Bacteria;p__Firmicutes;c__Clostridia;o__Peptostreptococcales-Tissierellales;f__Family_XI;g__Ezakiella,-0.4214659512416878,0.7992379268113092
d__Bacteria;p__Firmicutes;c__Clostridia;o__Oscillospirales;f__Ruminococcaceae;g__Caproiciproducens,0.25554659903386456,-1.1202279483582434
d__Bacteria;p__Bacteroidota;c__Bacteroidia;o__Bacteroidales;f__Barnesiellaceae;g__uncultured,-0.42146595124168773,0.2337971521928614
d__Bacteria;p__Proteobacteria;c__Alphaproteobacteria;o__Sphingomonadales;f__Sphingomonadaceae;__,0.026473916065325953,-0.21414271511415228
d__Bacteria;p__Firmicutes;c__Clostridia;o__Oscillospirales;f__Ruminococcaceae;g__DTU089,0.23829838116212687,-1.1029797304865057
d__Bacteria;p__Firmicutes;c__Clostridia;o__Peptostreptococcales-Tissierellales;f__Anaerovoracaceae;g__Mogibacterium,-0.4214659512416878,0.1980219412826933
d__Bacteria;p__Bacteroidota;c__Bacteroidia;o__Bacteroidales;f__Prevotellaceae;g__Prevotellaceae_UCG-004,-0.42146595124168773,0.17801126436430909
d__Bacteria;p__Proteobacteria;c__Gammaproteobacteria;o__Enterobacterales;f__Succinivibrionaceae;g__Succinivibrio,-0.4214659512416878,0.4152814030385957
d__Bacteria;p__Firmicutes;c__Clostridia;o__Peptostreptococcales-Tissierellales;f__Peptostreptococcaceae;g__Peptostreptococcus,0.5245814572378771,-0.8694024211422966
d__Bacteria;p__Firmicutes;c__Clostridia;o__Oscillospirales;f__Ruminococcaceae;g__Paludicola,0.1780078669579045,-1.0426892162822832
d__Bacteria;p__Fusobacteriota;c__Fusobacteriia;o__Fusobacteriales;f__Fusobacteriaceae;g__Fusobacterium,-0.019106473133162882,0.240376479272205
d__Bacteria;p__Verrucomicrobiota;c__Verrucomicrobiae;o__Opitutales;f__Puniceicoccaceae;g__uncultured,0.12784019309236694,-0.992521542416746
d__Bacteria;p__Firmicutes;c__Clostridia;o__Peptostreptococcales-Tissierellales;f__Anaerovoracaceae;g__S5-A14a,0.12784019309236694,-0.5901620643082205
d__Bacteria;p__Spirochaetota;c__Brachyspirae;o__Brachyspirales;f__Brachyspiraceae;g__Brachyspira,0.12784019309236694,-0.9925215424167457
d__Bacteria;p__Firmicutes;c__Clostridia;o__Peptostreptococcales-Tissierellales;f__Anaerovoracaceae;g__Family_XIII_UCG-001,0.12784019309236694,-0.4432153980826908
d__Bacteria;p__Bacteroidota;c__Bacteroidia;o__Flavobacteriales;f__Flavobacteriaceae;g__Capnocytophaga,-0.4214659512416878,0.106090746251364
d__Bacteria;p__Patescibacteria;c__Saccharimonadia;o__Saccharimonadales;__;__,0.09839443417827098,-0.9630757835026498
d__Bacteria;p__Firmicutes;c__Clostridia;o__Peptostreptococcales-Tissierellales;f__Family_XI;g__Murdochiella,0.09839443417827098,-0.9630757835026498
d__Bacteria;p__Fusobacteriota;c__Fusobacteriia;o__Fusobacteriales;f__Leptotrichiaceae;g__Leptotrichia,-0.42146595124168773,0.07664498733726793
d__Bacteria;__;__;__;__;__,0.9942741687922987,-1.064442060529691
d__Bacteria;p__Firmicutes;c__Bacilli;o__Erysipelotrichales;f__Erysipelotrichaceae;g__Merdibacter,0.02647391606532573,-0.8911552653897044
d__Bacteria;p__Bacteroidota;c__Bacteroidia;o__Bacteroidales;f__Tannerellaceae;g__Tannerella,-0.42146595124168773,0.004724469224322736
d__Bacteria;p__Bacteroidota;c__Bacteroidia;o__Bacteroidales;f__Prevotellaceae;__,0.2555465990338647,-0.6722880810512297
d__Bacteria;p__Bacteroidota;c__Bacteroidia;__;__;__,-0.14681287907466045,-0.3155089921411932
d__Bacteria;p__Firmicutes;__;__;__;__,0.3011269882323533,-1.165808337556732
d__Bacteria;p__Firmicutes;c__Bacilli;o__Lactobacillales;f__P5D1-392;g__P5D1-392,-0.07489236096171514,-0.7897889883626636
d__Bacteria;p__Firmicutes;c__Clostridia;o__Eubacteriales;f__Anaerofustaceae;g__Anaerofustis,-0.07489236096171514,-0.7897889883626636
d__Bacteria;p__Proteobacteria;c__Gammaproteobacteria;o__Pseudomonadales;f__Halomonadaceae;g__Halomonas,-0.4214659512416878,-0.0966418078027183
d__Bacteria;p__Proteobacteria;c__Gammaproteobacteria;o__Xanthomonadales;f__Xanthomonadaceae;g__Stenotrophomonas,-0.42146595124168773,-0.09664180780271847
d__Bacteria;p__Firmicutes;c__Bacilli;o__Lactobacillales;f__Enterococcaceae;__,-0.14681287907466045,-0.7178684702497182
d__Bacteria;p__Proteobacteria;c__Gammaproteobacteria;o__Enterobacterales;__;__,-0.14681287907466045,-0.37129487996974564
